Barcode,Original (List) Price,Sale Price,Stock
3468336732748,,,1
3468336548349,,,2
3468336482711,,,1
3468336482438,,,2
3468336482667,,,1
3468336482407,,,2
3468336611302,,,1
3468336617540,,,1
3468336610107,,,1
3468336611036,,,1
3468336617168,,,1
3468336632659,,,3
3468336637500,,,2
3468336637470,,,1
3468336714072,,,3
3468336713990,,,2
3468336713945,,,1
3468336715949,,,2
3468336715864,,,1
3468336703533,,,1
3468336705995,,,1
3468336704257,,,2
3468336705537,,,2
3468336710562,,,1
3468336705759,,,2
3468336703526,,,2
4065452956912,,,3
4067983509162,,,1
197717213219,,,3
191459207451,,,1
191459207475,,,1
191459207499,,,3
843230022417,,,9
887350952094,,,18
887350619393,,,18
887350619591,,,1
887350619690,,,1
887350619812,,,2
887350619850,,,1
887350619911,,,2
191448237469,,,1
191448339514,,,18
0191448342859,,,2
0191448342873,,,1
191448413542,,,21
191448429659,,,22
191448429710,,,6
191448429918,,,2
191448430211,,,1
191448520141,,,6
191448540316,,,8
191448712232,,,14
191448710696,,,7
191448798151,,,10
191448980808,,,12
196265112647,,,10
196265119400,,,8
196265121687,,,9
196265180615,,,7
196265177882,,,9
196265356546,,,15
196265177981,,,2
196265173099,,,2
196265173112,,,2
196265183647,,,6
196265291915,,,36
196265286546,,,25
0196265284320,,,3
0196265284337,,,3
0196265299904,,,8
0196265343027,,,10
191459202890,,,1
191459202906,,,1
191459202876,,,2
191459202883,,,3
196265373406,,,9
196265460717,,,7
196265422845,,,13
196265473793,,,4
196265628803,,,2
196265689798,,,8
196265527915,,,6
196265690336,,,6
196265644018,,,3
0196265644131,,,6
0196265644186,,,29
0196265644506,,,20
0196265644513,,,19
0196265644582,,,5
0196265644599,,,1
196265703470,,,9
0196265644735,,,1
196265644834,,,20
196265717590,,,8
196265891405,,,4
196265891504,,,9
198445136320,,,5
198445178245,,,5
198445178580,,,1
198445128905,,,5
198445178658,,,4
198445186714,,,18
198445178665,,,7
198445178726,,,8
198445178764,,,20
198445178795,,,2
198445186752,,,3
198445178856,,,7
198445175831,,,10
198445175855,,,17
198445178924,,,27
198445230967,,,2
198445231179,,,14
198445231209,,,17
198445267543,,,18
198445267635,,,16
198445249655,,,17
198445376863,,,5
198445376887,,,5
198445376900,,,30
198445376986,,,9
198445378225,,,30
198445378249,,,19
198445378287,,,20
198445378423,,,5
4052605461133,,,1
4052605461157,,,1
4052605461171,,,1
4052605461195,,,1
4052605461218,,,1
4052605461232,,,2
4052605461256,,,2
4052605461270,,,1
4052605461294,,,1
191459230398,,,1
4061416285029,,,1
4061416285067,,,1
4061416285104,,,1
4061416285142,,,1
4061416285180,,,1
4061416285227,,,1
4061416285302,,,1
4066648495499,,,1
4066648500032,,,1
4066648500070,,,1
4066648500117,,,1
4066648500155,,,1
4066648500193,,,1
4066648500230,,,1
4067707032891,,,1
4067707033232,,,1
4067707033270,,,1
4067707033317,,,1
4067707033355,,,1
4067707033430,,,1
4067707033478,,,1
4067707033515,,,1
4067707033553,,,1
4067707077021,,,1
4067707077069,,,1
4067707077106,,,1
4067707077144,,,1
4067707077182,,,1
4067707077328,,,1
4067707077366,,,1
4067707077502,,,1
4067707623808,,,1
4067707623921,,,1
4067707623969,,,2
4067707624003,,,2
4067707624041,,,2
4067707624089,,,1
4067707624126,,,1
4067707691463,,,1
4067707691500,,,1
4067707691548,,,1
4067707691586,,,1
4067707691623,,,1
4067707691661,,,1
4067707691708,,,1
4067707691746,,,1
4067707897902,,,1
4067707897940,,,1
4067707897988,,,1
4067707898022,,,1
4067707898060,,,1
4067707898145,,,1
4067707898183,,,1
4067707898220,,,1
4067707898268,,,1
5056243300488,,,5
885429051457,,,16
885429051464,,,13
885429051471,,,16
885429051488,,,7
885429051495,,,19
885429051501,,,10
885429051532,,,18
885429051549,,,18
5702017153704,,,1
5702017194882,,,1
884991414820,,,3
5700068479750,,,1
5700068477503,,,1
5700068477527,,,1
5700068477534,,,1
5700068477541,,,2
5700068477558,,,1
5700068477565,,,2
5700068490274,,,1
5700068076713,,,2
5700068455518,,,1
5700068455556,,,1
5700068218083,,,1
5700068478890,,,2
5700068478906,,,2
5700068478913,,,2
5700068478838,,,2
5700068109275,,,2
5700068109282,,,1
5700068109299,,,2
5700068109305,,,2
5700068109206,,,2
5700068109213,,,2
5700068109220,,,1
5700068109237,,,2
5700068406534,,,1
5700068406541,,,1
5700068198224,,,1
5700068198231,,,1
5700068198248,,,1
5700068198255,,,1
5700068198279,,,1
5700068200552,,,1
5700068483276,,,2
5700068483160,,,1
5700068483177,,,2
5700068483191,,,2
5700068483214,,,1
5700068483238,,,1
5700068483245,,,1
5700068483405,,,2
5700068483290,,,2
5700068483306,,,1
5700068483313,,,1
5700068483320,,,1
5700068483337,,,1
5700068483344,,,1
5700068483375,,,1
5700068267111,,,2
5700068267159,,,1
5700068264417,,,1
5700068306117,,,1
5700068309743,,,2
5700068309750,,,2
5700068309774,,,1
5700068309798,,,3
5700068309804,,,1
5700068410678,,,1
5700068476919,,,1
5700068476926,,,2
5700068476933,,,2
5700068476940,,,2
5700068476841,,,2
5700068475844,,,2
5700068475851,,,2
5700068475899,,,2
5700068475905,,,1
5700068475912,,,1
5700068487403,,,1
5700068487427,,,1
5700068487434,,,1
5700068487526,,,1
5700068491882,,,1
5700068491899,,,1
5700068491912,,,1
5700068491929,,,2
5700068491936,,,1
5700068491943,,,1
889353156363,,,35
195501478615,,,2
198605289354,,,1
198605289316,,,1
198605289323,,,1
198605289408,,,1
190528948523,,,20
190528948608,,,10
885430104623,,,1
885430136617,,,8
196265168576,,,6
198445339707,,,4
196565731838,,,3
196565952202,,,1
196565952219,,,1
196565952226,,,1
196565952189,,,1
196565952127,,,1
196565952134,,,1
196565952141,,,1
196565952165,,,1
198605752933,,,3
198605752940,,,3
198605752957,,,2
198605752964,,,3
198605753022,,,3
198605752988,,,2
198605752995,,,3
198605753138,,,3
198605753145,,,3
198605753152,,,3
198605753169,,,3
198605753220,,,3
198605753183,,,2
198605753190,,,3
197634789118,,,1
197634789200,,,1
196565952523,,,1
196565952530,,,1
196565952585,,,1
198605753237,,,5
198605753244,,,4
198605753275,,,3
198605753282,,,3
198605753299,,,3
198605753305,,,3
198605753312,,,2
198605753565,,,5
198605753626,,,4
198605753619,,,3
198605753572,,,1
198605753534,,,3
198605753541,,,3
198605753558,,,1
197634301341,,,1
197634301365,,,1
197634791975,,,1
197634791920,,,1
197634792071,,,1
197634792156,,,1
197634792231,,,1
197634792187,,,1
197634792323,,,1
197634792330,,,1
197634792347,,,1
197634792354,,,1
197634792309,,,1
197634792248,,,1
197634792255,,,1
197634792262,,,1
197634792279,,,1
198605303104,,,1
198605755446,,,1
198605755453,,,1
198605755460,,,1
198605755477,,,1
198605755484,,,1
198605755491,,,1
198605755576,,,1
198605755590,,,1
198605755606,,,1
198605755613,,,1
198605755620,,,1
198605755637,,,1
198605756344,,,2
198605756351,,,1
198605756368,,,2
198605756375,,,2
198605756382,,,2
198605756399,,,2
198605756405,,,4
198605756542,,,4
198605756559,,,3
198605756566,,,3
198605756573,,,2
198605756580,,,2
198605756597,,,2
198605756603,,,4
192859088954,,,4
192859088978,,,1
192859093255,,,1
5700068360256,,,1
5700068360263,,,2
5700068377988,,,1
5700068378015,,,1
5700068378183,,,2
5700068378084,,,1
5700068378091,,,1
5700068378107,,,1
5700068378114,,,1
5700068378121,,,2
5700068362687,,,2
5700068362694,,,1
5700068362700,,,1
5700068362717,,,1
5700068363448,,,1
5700068363349,,,1
5700068363370,,,2
5700068363387,,,1
5700068363684,,,1
5700068373737,,,2
5700068373744,,,1
5700068376615,,,1
5700068376523,,,1
5700068376530,,,1
5700068376547,,,1
5700068376554,,,1
5700068376424,,,1
5700068376721,,,1
5700068376622,,,1
5700068376639,,,1
5700068376646,,,1
5700068376653,,,1
5700068376837,,,2
5700068376738,,,2
5700068376745,,,1
5700068373515,,,1
5700068373720,,,1
5700068373638,,,1
5700068375076,,,1
5700068374970,,,1
5700068374987,,,1
5700068374994,,,2
5700068375007,,,1
5700068375182,,,2
5700068375083,,,2
5700068375090,,,1
5700068375106,,,2
5700068375113,,,1
5700068375120,,,1
5700068377469,,,1
5700068377476,,,2
5700068377490,,,1
5700068377162,,,2
5700068377063,,,2
5700068377070,,,2
5700068377087,,,1
5700068377094,,,2
5700068360362,,,1
5700068367361,,,1
5700068374567,,,2
5700068374208,,,2
193648625152,,,38
193648810848,,,13
193648810855,,,11
193648810862,,,28
193648810879,,,34
193648563874,,,9
193650537849,,,12
193650537870,,,13
193650910086,,,1
193650910284,,,6
193650912080,,,1
193650915043,,,6
193650915050,,,8
194090403251,,,2
194090403268,,,1
194090403381,,,4
194090403404,,,4
194455646576,,,1
194455646569,,,3
194455646583,,,2
194456813939,,,10
194457436434,,,1
194457708135,,,13
194789393436,,,1
194789393559,,,1
635346897429,,,4
195599548955,,,24
195599548962,,,16
195599548979,,,33
195599548986,,,20
195599548993,,,29
195599549006,,,22
195599549013,,,2
195599549051,,,6
195599549068,,,1
195599549082,,,1
195599549112,,,3
195599549174,,,19
195599549181,,,12
191448182714,,,1
191448182721,,,1
197717975179,,,1
199012127857,,,1
199012127864,,,2
199012127871,,,3
191459125175,,,4
191459125182,,,3
191459125236,,,4
191459125243,,,5
191448410442,,,1
0191448732995,,,3
0191448733022,,,3
198445206931,,,1
198445206948,,,1
198445206955,,,2
198445206900,,,1
198445197727,,,3
198445197734,,,3
198445197741,,,3
198445197758,,,3
198445197765,,,1
198445197772,,,1
198445197710,,,3
198445337291,,,2
198445337307,,,2
198445337314,,,3
198445337321,,,3
198445337338,,,2
198445337345,,,2
198445207013,,,3
198445207020,,,1
198445207037,,,2
198445270000,,,2
198445270017,,,3
198445270024,,,3
198445270031,,,2
198445270048,,,2
198445270055,,,3
198445269998,,,3
191448734371,,,3
191448734388,,,3
191448734395,,,2
191448734401,,,3
191448734418,,,2
191448734425,,,3
191448734449,,,2
0191448734562,,,3
0191448734579,,,2
0191448734586,,,2
0191448734609,,,3
198445159961,,,3
198445159978,,,3
198445159985,,,3
198445159992,,,2
198445160004,,,3
198445160011,,,2
198445207051,,,1
198445207068,,,3
198445207075,,,1
198445207082,,,5
198445207112,,,1
0196265549955,,,2
198445337710,,,1
198445337727,,,3
198445337734,,,3
198445337741,,,3
198445337758,,,2
198445337765,,,3
198445207136,,,3
198445207143,,,3
198445207150,,,2
198445207167,,,2
198445207174,,,3
198445207181,,,1
198445207198,,,3
198445207211,,,3
198445270154,,,3
198445270161,,,3
198445270178,,,3
198445270185,,,3
198445270192,,,3
198445270208,,,3
198445270253,,,2
198445270260,,,1
198445270277,,,1
198445270284,,,2
198445270291,,,1
198445270246,,,2
198445341137,,,2
198445341144,,,3
198445341151,,,3
198445341168,,,3
198445341175,,,2
198445341182,,,3
198445341120,,,3
198445270314,,,2
198445270321,,,3
198445270338,,,3
198445270345,,,3
198445270352,,,3
198445270369,,,2
198445353567,,,3
198445353574,,,3
198445353581,,,3
198445353598,,,1
198445353604,,,3
198445353611,,,3
196265255573,,,2
196265255580,,,3
196265255597,,,1
196265255603,,,3
196265255610,,,3
196265255627,,,2
198445304941,,,3
198445304958,,,3
198445304965,,,3
198445304972,,,3
198445304989,,,2
198445304996,,,2
191448873414,,,2
191448873421,,,2
191448880214,,,4
196265749430,,,2
196265749454,,,1
191448880283,,,3
196265749508,,,2
191448883420,,,2
191448883468,,,2
196265749584,,,1
196265749614,,,1
196265749683,,,1
196265749690,,,1
196265749706,,,2
0196265386994,,,1
196265443734,,,2
196265446728,,,3
0196265601486,,,1
0196265601509,,,1
0196265601516,,,1
0196265584536,,,1
0196265584550,,,1
198445358180,,,3
198445358197,,,2
198445358203,,,2
198445358210,,,3
198445358227,,,2
198445358234,,,3
198445358364,,,2
198445358371,,,2
198445358388,,,3
198445358395,,,3
198445358401,,,3
198445358418,,,3
198445358357,,,2
191459179895,,,3
191459179901,,,2
198445228315,,,2
198445228322,,,2
198445228346,,,3
198445228353,,,3
198445228360,,,2
196265807987,,,1
196265808014,,,3
196265808021,,,3
196265808038,,,2
196265808076,,,2
196265808083,,,1
196265808090,,,2
196265808106,,,3
196265808113,,,2
196265808120,,,3
196265854073,,,3
196265854080,,,3
196265854097,,,1
196265854103,,,3
196265854110,,,3
196265854127,,,3
196265854134,,,3
196265854172,,,2
196265854189,,,2
196265854196,,,3
196265854202,,,3
196265854219,,,3
196265854226,,,3
198445113970,,,3
198445113987,,,3
198445113994,,,2
198445114007,,,2
198445114014,,,4
198445114021,,,3
196265890941,,,2
196265890958,,,2
196265890965,,,1
196265890996,,,1
198445131189,,,1
198445131196,,,1
198445131219,,,2
198445131226,,,2
198445131233,,,2
198445131257,,,3
198445131264,,,3
196265894055,,,3
196265894062,,,3
196265894079,,,3
196265894086,,,3
198445125324,,,2
198445125331,,,2
198445125348,,,1
198445125355,,,2
198445125362,,,1
198445125379,,,3
198445173424,,,1
198445173448,,,2
198445173455,,,3
198445173462,,,3
198445125508,,,2
198445125515,,,5
198445125522,,,2
198445125539,,,2
198445125546,,,6
198445125553,,,4
198445125737,,,3
198445125744,,,3
198445125775,,,-1
198445125782,,,1
198445125874,,,1
198445125904,,,2
198445125911,,,1
198445180897,,,1
198445215919,,,3
198445215926,,,1
198445215971,,,3
198445215988,,,3
198445228858,,,2
198445228865,,,2
198445228872,,,5
198445228889,,,5
198445228896,,,6
198445228902,,,6
198445228957,,,5
198445228964,,,4
198445228971,,,3
198445228988,,,3
198445228995,,,2
198445228940,,,3
198445242137,,,2
198445242144,,,3
198445242168,,,2
198445242229,,,3
198445242236,,,3
198445242243,,,2
198445242250,,,2
198445242267,,,1
198445242274,,,1
198445242212,,,3
198445220005,,,2
198445220029,,,2
198445220067,,,3
198445220074,,,1
198445220081,,,1
198445220098,,,3
198445220104,,,3
198445220111,,,3
198445220555,,,3
198445220562,,,2
198445220586,,,2
198445280221,,,3
198445280238,,,3
198445280245,,,2
198445280252,,,2
198445280214,,,2
198445223907,,,3
198445223914,,,3
198445223921,,,3
198445223938,,,2
198445223945,,,1
198445223952,,,3
198445223969,,,1
198445223976,,,2
198445223983,,,3
198445235580,,,1
198445235597,,,1
198445235603,,,3
198445235610,,,3
198445235627,,,3
198445235634,,,3
198445265495,,,2
198445265501,,,2
198445265518,,,2
198445265532,,,2
198445265549,,,3
198445306969,,,3
198445306976,,,3
198445306983,,,2
198445306990,,,3
198445334184,,,2
198445334214,,,2
198445334221,,,3
198445334238,,,3
198445334290,,,3
198445334306,,,2
198445334313,,,1
198445334320,,,2
198445334337,,,3
198445334344,,,3
198445334795,,,1
198445334801,,,3
198445334818,,,2
198445334832,,,1
198445334788,,,1
198445334863,,,2
198445334870,,,1
198445334887,,,2
198445334894,,,1
198445334900,,,1
198445334917,,,2
198445363160,,,2
198445363177,,,3
198445363184,,,3
198445363191,,,3
198445363207,,,2
198445363214,,,2
198445383922,,,2
198445383939,,,2
198445383946,,,1
198445383953,,,2
198445383960,,,3
198445383977,,,3
198445383915,,,2
198445370618,,,2
198445370625,,,3
198445370632,,,2
198445370571,,,2
198445352416,,,3
198445352423,,,3
198445352430,,,2
198445352447,,,3
198445352454,,,3
198445352461,,,2
198445352607,,,1
198445352621,,,1
198445352638,,,1
198445352645,,,1
191459179321,,,2
191459230312,,,1
191459179734,,,1
8713537790284,,,1
191459209080,,,9
191459209097,,,4
5700068481159,,,2
5700068304328,,,1
5700068483948,,,2
5700068483955,,,2
5700068412924,,,1
5700068209241,,,1
5700068026879,,,1
5700068304779,,,1
5700068026954,,,1
5700067908596,,,2
5700068484235,,,2
5700068484242,,,2
5700068483566,,,1
5700068483610,,,1
2200001000000,,,1
199025308120,,,1
199025308137,,,2
199025308144,,,2
199025308151,,,2
199025308168,,,1
199025308175,,,1
197976321199,,,1
196642394208,,,1
196642394253,,,1
196642394260,,,1
198739808087,,,2
198739808094,,,2
198739808100,,,2
198739808131,,,1
199252137869,,,1
199252137883,,,2
199252137890,,,1
199252137906,,,1
199252137913,,,1
199252137920,,,1
199252137937,,,1
199252137951,,,1
198739790443,,,2
198739790450,,,2
198739790467,,,2
198739790474,,,2
199252055965,,,2
199252055972,,,2
199252055989,,,2
199252055996,,,2
199252056009,,,2
199252056016,,,2
199025479820,,,1
199025468756,,,1
199025468763,,,1
199025468770,,,1
197976584426,,,1
199025517232,,,2
199025517249,,,2
199025517256,,,2
199025475914,,,1
199025517263,,,1
199025475921,,,2
199025482622,,,1
199025497640,,,2
199025482646,,,1
199025482899,,,2
199025482912,,,1
199025482929,,,1
199252357977,,,2
199252357984,,,2
199252357991,,,2
199252358004,,,1
199252358011,,,2
199252295361,,,1
199252295385,,,1
199252295392,,,1
199252158543,,,2
199252158550,,,1
199252158567,,,2
199252158574,,,1
199252158581,,,2
199252158598,,,1
199252158604,,,1
199252158611,,,2
199252158635,,,1
199252158642,,,1
199252158659,,,1
199252138323,,,2
199252138330,,,1
199252138347,,,1
199252138354,,,1
199252138361,,,1
199252138385,,,1
199252138392,,,2
199252138422,,,1
199252138439,,,1
199252554246,,,1
199252554253,,,1
199252554260,,,1
199252554277,,,2
199252554284,,,2
199252554291,,,1
196989233802,,,1
196989233819,,,1
196989233833,,,2
196989233840,,,1
197627123608,,,2
197627123622,,,1
197627123653,,,1
199025512046,,,2
199025512060,,,2
199025512077,,,2
199025512107,,,2
199025512121,,,2
199025512138,,,3
199025512145,,,1
199025512152,,,1
199025512169,,,1
199025512176,,,1
199025512190,,,1
199025512206,,,1
196923123879,,,1
196923135063,,,1
196923552280,,,3
196923552297,,,3
198466511069,,,1
198466511090,,,1
198466511113,,,2
198466511120,,,4
198466511137,,,3
198466511144,,,4
198466036722,,,1
198466036746,,,1
198466036753,,,1
198466036760,,,2
198466036777,,,3
4060979912977,,,1
742728749501,,,3
825664032132,,,2
825664032149,,,6
825664209398,,,1
825664209404,,,2
825664545564,,,1
196923632586,,,1
196923632593,,,1
196923632616,,,1
196923484918,,,1
196923485748,,,1
196923583536,,,1
198466152415,,,1
199012208563,,,1
199012208587,,,2
199012208594,,,5
198466166795,,,2
198466166801,,,4
198466166962,,,2
197717985109,,,1
197717985123,,,2
197717985130,,,1
197717985147,,,4
197717985154,,,5
197717990387,,,1
199012133186,,,2
199012133209,,,2
199012133216,,,1
199012133223,,,3
199012133230,,,6
4099686300067,,,1
807421839185,,,1
198739507836,,,2
198739507843,,,1
198739507850,,,2
198739507867,,,2
198739507874,,,1
197976314917,,,1
197976314924,,,1
197976314931,,,1
197976314962,,,2
197976314979,,,1
197976314986,,,1
197976315006,,,1
199252082022,,,1
199252082039,,,1
199252082046,,,1
199252082053,,,2
199252082084,,,2
199252082091,,,1
199252082107,,,1
199252082121,,,1
197627052724,,,1
196642378260,,,1
4067983745065,,,1
4067983729119,,,1
4067983729072,,,1
4067983729089,,,1
4067983729157,,,1
199252295569,,,1
199252295576,,,1
197976316355,,,1
197976316362,,,2
197976316379,,,2
197976316409,,,1
197976899193,,,2
197976899209,,,2
197976899216,,,2
197976899247,,,1
196642109604,,,2
196642109611,,,2
196642109628,,,2
196642109635,,,1
196642109642,,,1
196642109666,,,2
196642109673,,,2
196642109680,,,2
196311893841,,,2
196311893865,,,1
196311893872,,,1
196311893889,,,1
196311893896,,,2
196311893919,,,2
196311893926,,,1
198376983611,,,2
198376983628,,,2
198376983635,,,4
198376983642,,,4
198376983659,,,4
198376983666,,,4
198739969757,,,2
198739969771,,,2
198739969788,,,1
198739969795,,,1
198739969825,,,1
199252740991,,,2
199252741004,,,2
199252741011,,,2
199252741028,,,2
199252741035,,,2
199252741042,,,2
199025278331,,,1
199025278348,,,1
199025278379,,,1
199025278386,,,1
199025278393,,,1
199025278409,,,2
199025278416,,,1
199025278423,,,1
199025278676,,,2
199025278683,,,1
199025278690,,,3
199025278706,,,3
199025278744,,,1
199025360050,,,1
199025360067,,,1
199025360074,,,3
199025360173,,,1
199025360197,,,2
199025519236,,,1
199025480833,,,2
199025519243,,,1
199025480840,,,2
199025519304,,,3
199025480918,,,1
199025480925,,,1
197976469488,,,1
196989509600,,,2
196989509617,,,2
196989509648,,,2
198739939675,,,2
198739939682,,,4
198739939699,,,3
198739939705,,,2
199025481878,,,1
199025481885,,,2
199025481892,,,2
199025481908,,,1
199025481953,,,2
825663761569,,,1
196923123961,,,1
196923123978,,,3
196327144357,,,3
196327939281,,,1
196327946098,,,2
196923136527,,,1
196923136589,,,1
196923136596,,,5
196923583703,,,1
196923583710,,,2
196923558879,,,1
196923558886,,,4
196923559272,,,1
196923559289,,,2
196923559296,,,2
196923559302,,,3
199012208921,,,4
199012208938,,,4
199012208945,,,6
199012209034,,,1
199012209041,,,1
199012209058,,,2
199012209065,,,5
196923573445,,,1
196923573452,,,2
196923535115,,,3
196923560735,,,1
196923560742,,,5
196923561220,,,4
196923561343,,,1
196923574299,,,2
196923574237,,,3
197717097307,,,1
198466042938,,,1
198466042945,,,2
198466042952,,,2
198466042969,,,3
199012210771,,,2
199012210788,,,1
199012210795,,,3
199012210801,,,5
199012211013,,,1
199012211020,,,2
199012211037,,,1
199012211044,,,3
198466153221,,,3
198466044574,,,2
198466044581,,,1
198466044857,,,2
198466044864,,,4
198466044871,,,3
198466044888,,,6
198466044796,,,2
198466044802,,,2
198466044819,,,4
198466044826,,,6
198466045007,,,4
198466044932,,,3
198466044949,,,3
199012183396,,,2
199012183402,,,4
199012183419,,,4
199012183426,,,6
199012184775,,,2
199012184782,,,4
199012184799,,,1
199012184805,,,6
196923677389,,,6
4065453293054,,,1
4052001676674,,,1
4052001676681,,,1
4052001676698,,,1
4052001676704,,,1
4052001676711,,,1
4052001676728,,,1
4052001676735,,,1
4052001676742,,,1
197859152629,,,1
197859128921,,,1
825664040403,,,1
4062451127442,,,1
195055914225,,,1
195132038769,,,1
195132036178,,,1
195132038479,,,2
195132035591,,,1
196172939504,,,1
196172939412,,,4
196172939429,,,5
196172961666,,,1
196172942177,,,2
196172942184,,,1
196172941996,,,4
196172941934,,,3
196313090958,,,1
196313090972,,,2
196313090989,,,2
196313093089,,,1
196313091054,,,1
196313091061,,,2
196313091702,,,2
196499570411,,,2
196499577915,,,1
196499571074,,,6
196499577892,,,7
196499577939,,,5
196499575867,,,5
196499575881,,,5
196499571098,,,6
196499570992,,,2
196818722309,,,2
196818723450,,,5
196820706991,,,1
196821893416,,,3
196996671536,,,6
196996692869,,,1
196996671017,,,5
196996671024,,,1
196996671727,,,1
196998515142,,,3
196998515159,,,5
197371308160,,,2
197373921008,,,6
197373889551,,,3
197373889568,,,4
197373889636,,,1
197373920759,,,1
197373888967,,,3
197373889575,,,1
197373889537,,,10
197373889544,,,5
197373889513,,,3
197373889520,,,3
197373889629,,,10
197882805837,,,2
197882811630,,,2
197882805691,,,2
197882805684,,,1
197882805721,,,1
197882805790,,,1
197882805806,,,5
197882811555,,,4
197882811562,,,4
197882811579,,,4
197882811586,,,2
197882853883,,,2
197882811272,,,1
197882811357,,,2
197882811364,,,1
197882811395,,,3
197882811111,,,1
197882811173,,,1
197882811203,,,2
197882810879,,,2
197882805752,,,2
198058806542,,,3
198058828148,,,7
198058828155,,,1
198058813267,,,9
198059690058,,,4
198059690065,,,5
198061277643,,,6
198061286126,,,4
198061286133,,,5
198061287611,,,1
198061277681,,,3
198061277698,,,5
198061277674,,,5
198061292929,,,14
198061277667,,,4
198061292967,,,2
198061291373,,,5
198061291366,,,6
198358998015,,,6
198359095232,,,4
198359044933,,,4
198359095256,,,8
198359095263,,,6
198358989174,,,1
198359041796,,,7
198359044940,,,5
198358997858,,,9
198358997865,,,4
198358997872,,,4
198358997889,,,2
198358989167,,,6
198358990767,,,1
198358990774,,,8
198358990729,,,14
198358990712,,,5
198358990743,,,4
198358997759,,,2
198358997735,,,1
198359095317,,,5
198359095331,,,6
198358997797,,,1
198359095393,,,10
198358990682,,,6
198358990675,,,7
198359095423,,,3
198358997711,,,5
198358997728,,,1
198359095447,,,9
198359095454,,,3
198358997698,,,2
198359095485,,,2
198359095492,,,4
198359095508,,,4
198582465642,,,3
198582465628,,,3
198582465635,,,5
198582859939,,,1
198582859946,,,1
198582859977,,,4
198582860188,,,3
198582859915,,,1
198582859861,,,8
198582860102,,,11
198582860126,,,3
198582860065,,,8
198582859502,,,7
198582859526,,,1
198582860164,,,6
198582617348,,,2
198582859540,,,8
198582859533,,,9
198582620430,,,14
198582617331,,,5
198582620485,,,10
198582620232,,,2
198582620447,,,3
198582860034,,,6
198582860041,,,5
198582620379,,,6
198582620386,,,8
198582860010,,,6
198582860027,,,3
198582620355,,,13
198582620362,,,2
198582620270,,,5
198582620294,,,1
198582620317,,,5
198759404207,,,12
198759404214,,,8
198759403484,,,3
198759403491,,,6
198759588853,,,5
198759588860,,,6
198759557248,,,19
198759557200,,,8
198759557217,,,16
198759588839,,,18
198759588846,,,4
198759558320,,,1
198759591693,,,10
198759589287,,,9
198759589300,,,4
198759558306,,,19
198759558290,,,32
198759589263,,,12
198759558313,,,7
198759589171,,,3
198759589188,,,12
198759589133,,,1
198759589140,,,2
198759589195,,,6
198759589201,,,7
198759582165,,,3
198759582141,,,1
198759588303,,,5
198759588310,,,5
198759558078,,,1
198759557866,,,6
198759557873,,,6
198759557439,,,2
198759557422,,,2
198759557934,,,1
198759557927,,,3
198759588914,,,12
198759588921,,,10
198759591679,,,6
198759591686,,,2
198759589010,,,12
198759589027,,,12
198759588990,,,7
198759589003,,,5
198978177135,,,5
198978177128,,,3
198978177142,,,5
198978387015,,,6
198978387022,,,5
199196509142,,,9
199196509159,,,9
199196509166,,,6
199196509173,,,6
199196509203,,,8
199196509210,,,8
199196504451,,,17
199196509227,,,12
199196509234,,,7
199196509180,,,10
199196509197,,,11
199196509241,,,13
199196509258,,,9
199196509081,,,3
199196509098,,,4
199196509401,,,2
199196509418,,,1
199196550939,,,10
199196550946,,,5
199196509388,,,3
199196509395,,,6
199196509104,,,21
199196509111,,,16
199196509128,,,24
199196509135,,,18
199196504420,,,6
199196504413,,,9
199196509364,,,1
199196509371,,,2
199196550717,,,29
199196504468,,,22
199196504437,,,12
199196509425,,,6
199196509432,,,6
199196509449,,,9
199196509456,,,2
199196509067,,,2
199196509074,,,6
199196509340,,,3
199196509357,,,3
199196509463,,,29
199196509470,,,18
199196509487,,,41
199196509494,,,30
199196509265,,,1
199196509272,,,1
199196509043,,,3
199196509050,,,4
199196509289,,,7
199196509296,,,8
199196505854,,,3
199196505861,,,2
199196505410,,,4
199196505427,,,5
199196505434,,,6
199196505441,,,6
199198415724,,,6
199198415731,,,3
199198426119,,,6
199198415793,,,6
199198415786,,,3
199198415779,,,5
199198415762,,,9
199198415755,,,10
199198415748,,,6
4099685435951,,,2
4099685435999,,,1
4099685436019,,,2
4099685500109,,,3
4099685500123,,,2
4099685500147,,,1
4099685500154,,,1
4099685628605,,,1
4099685628629,,,1
4099685628636,,,1
4099685628643,,,1
4099685654697,,,1
4099685654703,,,1
4099685651962,,,2
4099685651993,,,1
4099685652037,,,2
4099685603596,,,1
4099685603626,,,1
4099686977900,,,2
4099686977917,,,1
4099686977931,,,2
4099686977948,,,1
4099686977955,,,1
4099685562800,,,1
4099685562879,,,1
4099685598144,,,1
4099686876081,,,1
4099686876104,,,1
4099686922986,,,1
4099686935924,,,1
4099685476251,,,1
4099685476268,,,1
4067983541582,,,1
4067983541797,,,1
4067983542039,,,1
4067983542282,,,1
4067983542312,,,1
4069161958953,,,2
4069161958960,,,3
4069161958977,,,2
4069161958984,,,1
4069161957079,,,2
4069161957086,,,2
4069161957093,,,2
4069161957109,,,2
4069161957062,,,1
4069161958182,,,2
4069161958199,,,2
4069161958205,,,2
4069161958212,,,2
4069161958175,,,1
4069161957512,,,1
4069161957499,,,1
4069161957475,,,2
4069161957505,,,2
4069161957482,,,2
4069161373145,,,2
4069161373121,,,2
4069161373107,,,2
4069161373138,,,2
4069161373114,,,2
4069161989506,,,2
4069161989483,,,2
4069161989469,,,2
4069161989490,,,2
4069161989476,,,2
4069161989858,,,2
4069161989834,,,2
4069161989810,,,2
4069161989841,,,2
4069161989827,,,2
4069161990724,,,2
4069161990700,,,2
4069161990687,,,2
4069161990717,,,2
4069161990694,,,2
4069161990779,,,2
4069161990755,,,2
4069161990731,,,2
4069161990762,,,2
4069161990748,,,2
4069161989957,,,2
4069161989933,,,2
4069161989919,,,2
4069161989940,,,2
4069161989926,,,2
4069161359620,,,2
4069161359606,,,2
4069161359583,,,2
4069161359613,,,2
4069161359590,,,2
4069161957833,,,2
4069161957840,,,3
4069161957857,,,2
4069161957864,,,1
196154689632,,,1
196154689649,,,2
196154689663,,,1
196154689670,,,2
197717177320,,,1
197717177337,,,3
197717177344,,,5
825664600638,,,2
825664600645,,,3
825664600652,,,5
196923147165,,,1
197717151504,,,1
197717151511,,,2
197717178105,,,1
199012251484,,,2
199012251491,,,2
197717948395,,,2
197717948401,,,4
197717948418,,,6
199012252313,,,1
199012252320,,,2
199012252337,,,3
199012252368,,,2
199012252375,,,2
807421777180,,,1
807421777197,,,1
825664086135,,,2
825664086142,,,2
198466167815,,,1
198466167693,,,3
198466167709,,,4
4099686755041,,,1
4099686755034,,,1
4099686842109,,,5
4099686842116,,,2
4099686842123,,,2
4099686842130,,,1
4099686845964,,,2
4067984336118,,,2
4067983296567,,,3
4067983296574,,,2
4067983296581,,,1
4069161744433,,,3
4069161744440,,,3
4069161744457,,,2
4069161733093,,,2
4069161733109,,,3
4069161733116,,,2
4069161733123,,,1
4069162381323,,,2
4069162381330,,,2
4069162381347,,,2
4069162381354,,,2
4069162381361,,,1
1013645691,,,1
1013645721,,,1
1013653016,,,1
1013647466,,,1
1013656154,,,1
1013652200,,,1
1013652378,,,1
1013652491,,,1
1013652514,,,1
1013649132,,,1
1013652187,,,1
1013652453,,,1
1013652477,,,1
1013649064,,,1
1013652880,,,1
1013648999,,,1
1013704268,,,1
1013708914,,,1
1013706408,,,1
1013706118,,,1
1013709539,,,1
1013709591,,,1
4069161959912,,,2
4069161959929,,,2
4069161959936,,,2
4069161959943,,,1
4069161958588,,,2
4069161958595,,,2
4069161958601,,,2
4069161958618,,,1
4069161914027,,,2
4069161914034,,,2
4069161914041,,,1
4069161914058,,,1
4069161995248,,,2
4069161995224,,,2
4069161995200,,,2
4069161995231,,,3
4069161995217,,,3
4069161995279,,,2
4069161995255,,,2
4069161995262,,,3
4069161915178,,,2
4069161915185,,,2
4069161915192,,,1
4069161915208,,,2
4069161915215,,,1
4069161914836,,,1
4069161914843,,,2
4069161914850,,,1
4069161914867,,,2
4069161914874,,,1
4069161917530,,,1
4069161917547,,,2
4069161917554,,,1
4069161917561,,,2
4069161917578,,,1
633716948030,,,3
742728914992,,,15
5056243301850,,,5
5702017419718,,,1
196923563675,,,3
196923563682,,,1
807421872045,,,7
633716794033,,,1
199012347101,,,8
199012347057,,,12
199012347071,,,8
3468334667646,,,1
3468334052787,,,1
3468334667653,,,1
4064535826135,,,1
4099684088592,,,1
4064535662887,,,1
742728698960,,,1
742728698977,,,1
742728698984,,,1
742728698991,,,2
742728704968,,,1
742728704975,,,1
742728704982,,,1
742728704999,,,2
825664002296,,,1
825664639324,,,1
825664639348,,,2
825664639355,,,2
825664639362,,,3
825664639379,,,6
196923470645,,,1
196923470669,,,2
196923470676,,,4
197717159227,,,2
197717159319,,,2
197717161848,,,1
197717161879,,,2
197717267311,,,1
199012257240,,,1
199012257264,,,2
199012257271,,,2
199012257288,,,2
199012257295,,,2
197717452380,,,1
197717452397,,,3
197717452403,,,2
197717452410,,,3
197717948487,,,2
197717948500,,,1
197717948517,,,4
197717948524,,,3
197717948531,,,4
198466159391,,,1
198466159407,,,1
198466159414,,,1
198466159957,,,4
198466159964,,,1
198466159971,,,2
198466201571,,,1
198466475330,,,2
198466475347,,,2
198466475354,,,1
199012258681,,,1
199012258704,,,1
199012258711,,,1
199012258728,,,2
199012258735,,,1
199012258797,,,1
199012258803,,,2
198466138235,,,1
196327292454,,,2
196923545237,,,2
198466661085,,,1
198466661122,,,1
198466661139,,,5
199012223115,,,2
198466168690,,,1
198466168706,,,4
198466124214,,,1
198466124238,,,1
198466124269,,,9
197717960922,,,3
197717961479,,,1
197717961486,,,5
197717972932,,,1
198466114406,,,2
677838781519,,,1
807421345105,,,1
196327517595,,,6
197717438452,,,1
617846382292,,,1
195029055985,,,1
195029055787,,,1
195029057149,,,1
195029062563,,,2
195029060538,,,2
195029060552,,,3
195029063249,,,1
677838698602,,,2
677838698619,,,1
677838698626,,,2
742728659879,,,1
742728659886,,,2
742728659893,,,2
742728659909,,,1
742728700533,,,2
742728700540,,,2
742728700557,,,2
825664405233,,,1
825664405240,,,2
825664405257,,,3
742728705026,,,1
742728705033,,,2
742728705040,,,3
825663445728,,,1
825664002982,,,2
196327955151,,,1
198466096535,,,3
198466096542,,,4
196923143303,,,3
196923130563,,,2
196923572028,,,6
196923473912,,,2
196923473929,,,2
196923473936,,,4
196923473943,,,6
199012173373,,,2
199012173380,,,3
199012173397,,,3
199012173403,,,6
196923547552,,,2
196923547606,,,2
196923464477,,,1
196923464484,,,2
196923464491,,,2
196923464507,,,5
196923464224,,,1
196923464231,,,2
196923464248,,,2
196923464255,,,3
198466801870,,,1
198466801887,,,2
198466801894,,,2
198466801900,,,3
196923464330,,,1
196923464347,,,1
196923464354,,,3
196923533029,,,1
197717138796,,,1
197717193672,,,3
197717164238,,,1
197717164177,,,3
197717164184,,,5
198466024828,,,1
198466024835,,,1
197717140195,,,2
197717105071,,,1
198466104155,,,2
197717373227,,,2
199012174004,,,3
199012174011,,,3
199012174028,,,4
198466098096,,,1
198466028802,,,5
198466029038,,,1
198466029045,,,1
198466029052,,,4
198466030331,,,2
198466030348,,,1
198466030355,,,2
199012198109,,,1
199012198116,,,2
199012198123,,,2
199012198130,,,3
198466030287,,,1
198466030294,,,2
198466030300,,,3
198466475804,,,3
199012198178,,,6
199012198185,,,5
199012198192,,,8
199012198239,,,1
199012198246,,,2
199012198253,,,2
199012174875,,,2
199012174882,,,3
199012174899,,,3
199012174905,,,5
199012155874,,,3
199012155881,,,5
199012155898,,,6
199012155904,,,9
199012155812,,,1
199012155829,,,1
199012155836,,,1
199012155843,,,3
199012156291,,,2
199012156307,,,3
199012156314,,,3
199012156321,,,5
199012223979,,,1
199012223986,,,2
199012223993,,,2
199012224006,,,3
199012223917,,,1
199012223924,,,3
199012223931,,,2
199012223948,,,6
199012235651,,,1
199012235668,,,2
199012235675,,,2
199012235682,,,3
199012235590,,,1
199012235606,,,4
199012235613,,,4
199012235620,,,6
199012175773,,,1
199012175780,,,2
199012175797,,,4
199012175803,,,5
199012176190,,,1
199012176206,,,4
199012176213,,,4
199012176220,,,6
199012176084,,,2
199012176091,,,2
199012176107,,,3
199012176138,,,1
199012176145,,,2
199012176152,,,2
199012176169,,,2
199012235774,,,1
199012235781,,,3
199012235798,,,4
199012235804,,,5
199012235729,,,2
199012235736,,,2
199012235743,,,2
199012235897,,,1
199012235903,,,3
199012235910,,,3
199012235927,,,5
199012235835,,,1
199012235842,,,2
199012235859,,,2
199012235866,,,3
807421872465,,,4
197717278140,,,2
807421872441,,,5
199012460329,,,6
825664663855,,,6
196327423278,,,1
196327423254,,,5
198466112501,,,2
196923184542,,,2
196923184559,,,3
197717278188,,,6
196923870551,,,3
807421345426,,,1
196327459611,,,2
196923185945,,,3
196923185938,,,1
4059326371604,,,1
3500303684541,,,2
192500681916,,,1
192500681923,,,1
192500681954,,,1
192500681961,,,1
192500681978,,,1
197859915811,,,1
197859912421,,,1
197859899838,,,1
677838363807,,,8
677838363869,,,1
677838363746,,,2
196923015372,,,2
196923596499,,,1
199012347668,,,4
199012347675,,,2
199012347682,,,5
199012347699,,,6
199012347545,,,3
199012347552,,,1
199012347569,,,1
199012347576,,,6
199012347606,,,5
199012347613,,,4
199012347620,,,5
199012347637,,,6
196327670306,,,2
196327670122,,,2
196923625335,,,4
194501154062,,,2
194501154079,,,1
194501154093,,,2
194501154116,,,2
194501154291,,,1
194501154314,,,2
8050510459456,,,1
193654852108,,,1
193654852115,,,1
195870257941,,,2
196152287922,,,1
196152287939,,,1
196152287960,,,1
197594226128,,,1
197594222373,,,2
197594237018,,,1
193152386648,,,2
193152386655,,,1
193152386662,,,2
193152386679,,,1
194953181340,,,1
194953181364,,,1
198484906359,,,1
198484878557,,,1
198484593009,,,1
198484803351,,,3
198484831804,,,1
198484593405,,,2
198484741455,,,2
198484815811,,,1
198484872906,,,1
198484761026,,,2
198484606044,,,1
198484610645,,,1
198484797001,,,3
198484724595,,,1
198484837691,,,2
198484769213,,,1
198484734181,,,2
198484906342,,,2
198484600684,,,4
197594235861,,,1
197594227712,,,1
197594222885,,,2
197594241893,,,2
197594241176,,,2
196154651455,,,2
8050510645026,,,3
8050510645033,,,5
8050510645040,,,1
8050510645187,,,3
8050510645194,,,4
8050510645200,,,1
8050510645217,,,1
8050510646016,,,2
8050510646023,,,5
8050510646030,,,1
8050510227703,,,1
8050510227710,,,1
8050510227727,,,1
194953242300,,,3
194953242317,,,3
194953242324,,,3
194953242331,,,1
194953242348,,,3
194953242355,,,2
194953242362,,,3
194953242379,,,2
194953242386,,,1
194953242393,,,1
194953242416,,,1
194953242720,,,1
194953242737,,,6
194953242744,,,1
194953242751,,,1
194953242768,,,1
194953242775,,,2
194953242782,,,1
194953242799,,,4
194953242805,,,3
194953243109,,,1
194953243116,,,2
194953243123,,,2
194953243130,,,2
196154798648,,,2
194499447283,,,1
198484278579,,,1
198484287489,,,3
198484289803,,,3
194953670912,,,1
195244181315,,,1
195244181377,,,1
195244181384,,,1
195244181476,,,1
195870270223,,,2
195870270247,,,2
195870270278,,,2
196149533643,,,1
196149533650,,,1
196149533667,,,1
196149533674,,,3
196149533681,,,1
196149533698,,,1
195866637351,,,2
195866637979,,,1
196149536019,,,1
196149536033,,,2
196149536057,,,2
196149536064,,,3
196149542775,,,1
196149542782,,,2
196149542805,,,1
196149542812,,,2
198482708214,,,1
198482704476,,,2
198482712679,,,1
198482713102,,,1
198482697136,,,1
198482699994,,,1
198482708344,,,1
198482701338,,,1
198482725549,,,2
198482696122,,,1
198482703752,,,2
198482699703,,,1
198482708917,,,3
198482742133,,,1
198482707378,,,2
198482698683,,,2
198482745004,,,2
198482714680,,,2
198482716790,,,1
198486955829,,,1
198486973083,,,1
198482741853,,,1
198482707347,,,2
198486826266,,,1
198486829830,,,1
196154135863,,,2
198487808001,,,4
196605317152,,,5
198482721862,,,1
198482743062,,,3
198482694647,,,1
198482731717,,,2
198482744892,,,2
198482646851,,,3
198482646844,,,2
198482653873,,,2
198482645366,,,2
198482695903,,,1
198482699185,,,2
198482739072,,,2
198482700270,,,1
198482706029,,,2
198482729141,,,1
198482700942,,,1
198482743086,,,1
198482702663,,,2
198482723491,,,1
198482711405,,,1
198482703356,,,1
198482657147,,,2
198482645861,,,1
198482639242,,,2
198482638252,,,2
198482652616,,,1
198482638917,,,1
198482635329,,,1
198482633806,,,1
198482657895,,,1
198482639464,,,1
196154799850,,,1
4060515102657,,,1
4060515111246,,,1
197863555027,,,3
197863555768,,,4
197863497365,,,2
197863492896,,,2
197863552446,,,1
197863515120,,,1
197863497716,,,2
197863604374,,,1
197863603612,,,1
197863618333,,,1
197863605319,,,2
198484265456,,,3
198484293084,,,2
198484285812,,,1
198484284723,,,1
198484275943,,,1
198484283788,,,1
198484280114,,,1
198484290052,,,3
198484265821,,,1
196968174263,,,2
196968174270,,,2
196968174287,,,1
196968174294,,,2
196968174300,,,1
196968174317,,,3
196968174324,,,1
196968174331,,,3
196968174379,,,3
197863588667,,,2
197863621616,,,3
198484278814,,,1
198484280848,,,2
198484286598,,,2
198484285515,,,1
198484288837,,,1
198484292742,,,3
196968174744,,,2
196968174751,,,1
196968174768,,,2
196968174775,,,2
196968174799,,,1
196968174829,,,2
196608434696,,,1
196608434740,,,1
196608434757,,,1
197601849326,,,1
4062053066064,,,1
4062053066026,,,1
4062053077602,,,1
4064556202413,,,2
4064556205643,,,1
4064556411778,,,1
4064556413765,,,1
4064556415349,,,1
4064556397652,,,1
4064556213655,,,1
4064556293725,,,1
196156446158,,,1
196156446172,,,1
198484285195,,,1
198484285256,,,2
198484276889,,,4
198484287540,,,2
198484265760,,,1
198484278890,,,3
198484291523,,,4
196969498269,,,1
197859624256,,,1
197859625253,,,1
197859623167,,,2
197859861798,,,1
197859864904,,,1
197859870967,,,1
197859868001,,,1
197859869305,,,1
197859863129,,,2
197859862962,,,1
197859862122,,,1
197859869886,,,2
197859862887,,,1
197859865802,,,1
197859869800,,,2
197859871537,,,1
197863511993,,,1
197863499192,,,1
197863572369,,,1
197863538945,,,2
198484284150,,,1
198484267979,,,2
198484286611,,,2
198484288578,,,1
198484293909,,,2
198484271525,,,2
198484273949,,,1
198484275035,,,1
198484267924,,,2
198485057746,,,1
198485051812,,,1
198485025356,,,1
198485046528,,,3
197859176038,,,2
197859194407,,,1
197859230983,,,2
197859215447,,,4
197859214167,,,3
197859173716,,,1
196969309534,,,2
196969309541,,,1
196969309558,,,1
196969309565,,,2
196969309572,,,1
196969309596,,,1
4064556497505,,,2
4064556497536,,,1
4064556497543,,,1
4064556498083,,,2
4064556577269,,,1
4064556237453,,,2
4064556237477,,,3
4064556237484,,,1
4064556345851,,,2
4064556345844,,,3
196607043707,,,1
196608339533,,,3
197598415948,,,1
197598207598,,,2
196608339588,,,2
196977865701,,,1
196609274352,,,2
197597349459,,,1
197597387024,,,1
8719477749023,,,1
8719477749184,,,1
8719477749405,,,1
4062049607530,,,1
197859801190,,,1
197859811076,,,2
197594235915,,,1
197594233881,,,1
197863708379,,,1
197594301924,,,3
197594302938,,,1
197594302365,,,1
198482706531,,,2
198482737320,,,1
198482700447,,,1
198482741532,,,1
198482729943,,,1
198482742805,,,2
198482713881,,,2
198482722098,,,2
198482736132,,,1
198482743178,,,1
198482696757,,,2
198482708269,,,1
198482741761,,,1
198482698928,,,2
198482706906,,,1
198482709143,,,2
196977877223,,,1
197597318219,,,1
196975908783,,,1
196975931750,,,1
196975928217,,,1
4064036778827,,,2
4064036778865,,,2
4064036778872,,,1
4064036778810,,,1
4064036775192,,,1
4064036992520,,,2
4064036992551,,,1
4064036992476,,,1
4064036992513,,,1
4064036992506,,,3
197598838839,,,2
198727290825,,,1
198727296414,,,2
198727291396,,,3
198727295844,,,2
197599085294,,,1
197596782004,,,1
198727293673,,,2
198727295288,,,2
198727299422,,,2
198727290764,,,2
197600999848,,,1
197600992672,,,1
197601000147,,,2
197596428872,,,1
197596995312,,,1
198727294236,,,1
198727292492,,,1
197596754216,,,2
197596870329,,,1
198726398249,,,1
198488995199,,,1
8445336272875,,,1
8445336272882,,,1
8445336276743,,,1
197966089214,,,2
198686729268,,,2
198686729275,,,3
197967901270,,,4
197967901287,,,2
197967901294,,,3
197967901300,,,2
197967901317,,,2
197967901324,,,2
197967901331,,,1
197967901348,,,1
199012351191,,,4
199012351207,,,8
4062065115507,,,1
4062065115521,,,2
4064036431838,,,1
197376445815,,,1
197376445853,,,2
197967394263,,,1
197967394300,,,3
197967871399,,,2
197967871405,,,1
197967871436,,,1
197967871443,,,2
3500307818140,,,1
3500308198067,,,1
4065427590189,,,1
4065427590172,,,2
4064054354201,,,1
196096047989,,,1
3500303862710,,,2
3500303862758,,,1
3500303862765,,,1
4065423950024,,,2
4065423950017,,,3
3500303808886,,,2
3500303808893,,,1
3500303808916,,,2
3500303808923,,,2
3500303808930,,,1
3500303808947,,,1
198483413148,,,2
198483405716,,,3
198483414411,,,1
198483406911,,,3
198483407192,,,2
198483403910,,,1
198483412523,,,2
198483410819,,,2
198483406805,,,2
198483414060,,,2
198483410314,,,2
197602686692,,,2
197602686241,,,1
198486772587,,,1
198486770767,,,2
198486771689,,,1
198486787383,,,1
198486791854,,,1
198486794558,,,2
197602689549,,,2
197602682663,,,1
197602684216,,,1
197859781843,,,2
197863468266,,,1
197863469867,,,2
197863464466,,,2
197863540863,,,2
197863546520,,,2
197863542508,,,2
198726879915,,,1
198726879151,,,2
198726863266,,,2
198726878390,,,2
198726878130,,,2
198726876877,,,2
197859759736,,,2
197859750047,,,2
197859750467,,,1
197859759781,,,1
197859759316,,,1
197859747719,,,1
198484277398,,,2
198484271549,,,2
198484278586,,,2
198484271433,,,2
198484286505,,,2
198484281043,,,1
198484273239,,,1
198484273000,,,3
198484281593,,,3
198484285201,,,2
198484269560,,,2
198484283887,,,2
198484280770,,,1
198484265531,,,1
198484326720,,,1
198484328441,,,1
198484290762,,,3
198484285300,,,1
198484275820,,,1
198484276759,,,3
198484289261,,,2
198484291172,,,1
198484269249,,,2
198484278876,,,1
198484291813,,,1
198485629387,,,1
198485620742,,,3
198485630253,,,1
198484275486,,,1
198484284761,,,1
198484281913,,,1
198484271068,,,1
198484274366,,,2
198484288608,,,1
198485790643,,,2
198485770720,,,1
198485765023,,,1
198484292193,,,1
198484271792,,,1
198484286581,,,1
198485633292,,,3
198485627185,,,2
198485626737,,,3
198485617858,,,2
198485618640,,,2
198485629943,,,1
198485620315,,,1
198484279491,,,1
198484288882,,,1
197859943722,,,1
197859939244,,,1
4065431033269,,,1
197602778526,,,4
198487805048,,,4
198487856217,,,4
4065429233763,,,1
4065429370192,,,1
197859625024,,,2
197863562742,,,3
197863548999,,,1
197863562667,,,1
197863543116,,,1
197863502823,,,1
197863523651,,,2
197863519364,,,1
197863489858,,,4
197863482439,,,2
197863483597,,,2
197863552231,,,1
198726923632,,,1
198726908370,,,1
198726916689,,,1
198726917334,,,1
198726916917,,,1
198726921478,,,2
198726925438,,,2
198726922017,,,2
198726921096,,,2
198726927913,,,1
198484323507,,,4
198484319708,,,1
198484320810,,,3
198484322067,,,3
198484323729,,,2
198484319999,,,2
198484328922,,,1
198484322968,,,2
198484330291,,,1
197863576244,,,3
197863531946,,,2
197863553665,,,1
197863500614,,,1
197863506807,,,3
197863506470,,,1
197863537221,,,1
197863527253,,,2
197863544519,,,2
197863539539,,,2
197863546261,,,2
198484320803,,,1
198484333759,,,2
198484321657,,,1
198484333049,,,2
198484331281,,,1
198726925247,,,-1
198726915712,,,1
198726920433,,,1
198726930449,,,1
198726923960,,,1
198726911714,,,1
198726914159,,,2
198726924608,,,1
198726932917,,,1
198726927364,,,1
198484331151,,,3
198484325655,,,3
198484317858,,,3
198484326799,,,3
198484322449,,,2
198484317537,,,2
198484328977,,,2
198484332998,,,2
198484320049,,,1
197863540535,,,2
197863551791,,,2
197863553610,,,1
197863571270,,,1
197863510606,,,1
197863519456,,,1
197863555621,,,1
197602729917,,,3
197602727234,,,2
197602707274,,,4
198486709323,,,3
8050510692235,,,2
8050510692242,,,4
8050510692259,,,1
4068806589750,,,2
4068806589743,,,2
4068806589675,,,1
4068806589668,,,1
4068806589651,,,1
4068806589699,,,1
198726607549,,,1
198726446384,,,1
198726454358,,,1
198726501830,,,1
198726585373,,,1
198726594481,,,2
198726569403,,,2
198726464302,,,2
198726468843,,,1
198726609123,,,1
198726572403,,,1
198726567164,,,1
198726513994,,,1
198726540853,,,1
198726597420,,,1
198726557011,,,1
198726482047,,,1
198726571086,,,1
198726569823,,,2
198726444984,,,2
197862899610,,,1
197862893786,,,1
197862878226,,,1
197862895780,,,1
197862881486,,,1
197862896664,,,1
197862901740,,,1
197862877151,,,2
197862884524,,,2
197862886764,,,2
198726432301,,,1
198726566273,,,1
198726550777,,,1
198726427932,,,1
198726471621,,,1
198726539208,,,1
198726528516,,,1
198726604111,,,1
198726475254,,,1
198726479016,,,1
198726609185,,,1
198726520534,,,2
198726545025,,,1
198726602544,,,1
198726443826,,,1
198726455362,,,1
197862877397,,,1
197862892994,,,1
197862900613,,,1
197862878585,,,1
197862887334,,,2
197862875553,,,1
197862886672,,,1
3609081450895,,,4
3609081450864,,,1
198484339317,,,2
198484339751,,,1
198484340580,,,2
198484339645,,,1
198484340962,,,2
198484342409,,,1
198484341204,,,1
198726546046,,,1
198726489541,,,1
198726476770,,,1
198726586226,,,2
198726481873,,,2
198726589791,,,2
198726570218,,,2
198726483945,,,2
198482702854,,,2
198482702083,,,2
198482723545,,,2
198482703202,,,1
198482709907,,,1
198482715618,,,1
198482721145,,,1
198482695347,,,1
198482719579,,,1
198482706913,,,2
198482712846,,,2
198482704308,,,2
198482699949,,,1
198482704483,,,2
198482702298,,,1
198482703035,,,2
198482703189,,,1
198482744526,,,2
198726451340,,,1
198726592395,,,1
198726602360,,,1
198726556236,,,1
198726533534,,,2
198726387175,,,2
198726496792,,,1
198726563852,,,3
198726464739,,,3
198726578399,,,2
198482696245,,,2
198482698843,,,2
198726630837,,,1
198726618101,,,1
198726621101,,,1
198726625383,,,1
198726620166,,,1
198726622733,,,1
198726620005,,,3
198726620555,,,3
198726615797,,,3
198726631285,,,2
198482741709,,,2
198482702380,,,1
198482714840,,,1
198482702717,,,1
198482723743,,,2
198482705732,,,1
198482710279,,,1
198482695392,,,1
197601905787,,,2
197601904278,,,1
197601908689,,,2
197601909280,,,1
197601901888,,,1
197601902205,,,3
197601904834,,,1
198486851602,,,1
198486871525,,,1
198486843508,,,1
198486809436,,,2
198486853507,,,2
198486836654,,,2
198486806008,,,2
198486863520,,,2
198486815758,,,2
198486837002,,,3
198486824446,,,2
198486850735,,,1
198486850926,,,2
198486875264,,,2
4068806164605,,,1
4068806164575,,,1
4068806168221,,,1
4068806168214,,,1
4068806164568,,,1
4068806164599,,,1
4068806164582,,,1
4068806168344,,,1
4068806168306,,,1
4068806168320,,,1
4068806168368,,,1
4068806168351,,,1
4068806168313,,,1
4068806168337,,,1
4068806455123,,,2
4068806455116,,,2
4068806458742,,,2
4068806458759,,,2
4068806458773,,,2
4068806458797,,,2
4068806458803,,,2
4068806455109,,,2
4068806458735,,,2
4068806458780,,,2
4068806458766,,,2
4068806458810,,,2
198726414963,,,1
198726132614,,,1
198726405268,,,1
4066752285931,,,1
3609083979905,,,3
3609083985500,,,3
3609083985531,,,7
3609084082130,,,3
3609084082147,,,2
3609084082161,,,1
3609084082178,,,6
3609084082185,,,5
3609084003715,,,1
3609084036638,,,1
198726914135,,,1
198726921386,,,2
198726932429,,,-1
198486771306,,,1
198486761864,,,2
198486772709,,,1
198486766722,,,1
198486769624,,,2
198486764766,,,2
198486767972,,,2
198486771054,,,1
198482791131,,,2
198482786793,,,1
198482792190,,,1
198482696511,,,2
198482713874,,,2
198482707767,,,1
198482695415,,,2
198482722005,,,1
198482710323,,,1
198486775694,,,2
198486782326,,,1
198486785624,,,2
198486783330,,,2
198486780896,,,1
198486783538,,,1
198482636869,,,2
198482653941,,,2
198482646066,,,1
198482657611,,,2
198482645687,,,1
198482657208,,,2
197859927708,,,1
197859922352,,,1
197859934447,,,1
197859923205,,,2
198726389230,,,2
198726393039,,,1
197859904877,,,1
197859911318,,,1
197860598430,,,1
197860599123,,,2
197859891290,,,1
197859888405,,,2
198726419388,,,2
198726147564,,,1
197860424241,,,1
197860425545,,,2
198726418930,,,1
198488995731,,,1
198726401635,,,4
198726401369,,,1
198488994130,,,1
197860434004,,,-1
197860437579,,,1
198726413539,,,1
198726400553,,,2
198726157235,,,4
198726175635,,,2
198726419852,,,1
198726400782,,,1
4066763613228,,,1
198688805687,,,1
198688805694,,,1
198688805717,,,2
198688805731,,,3
198688805755,,,5
198688805779,,,3
198688805793,,,3
198688809760,,,2
198688809814,,,3
198688809883,,,3
198688809951,,,4
198689607532,,,3
198689607617,,,3
198689615193,,,1
198688831945,,,1
198688831969,,,3
198688832003,,,3
198688832041,,,3
198688832072,,,6
198688832096,,,3
198688832119,,,3
4066752437415,,,1
4066752426105,,,1
4066765007360,,,1
4066765007315,,,2
4066766781177,,,2
4066766586154,,,1
4066766586147,,,1
4066765061676,,,1
4066756473303,,,2
4066756473297,,,2
4066756473228,,,2
4066756473266,,,2
4066756473259,,,2
4066756475604,,,1
4066756475628,,,1
4066756475635,,,1
4066756475697,,,2
4067886699304,,,1
4067886699274,,,3
4066756049188,,,1
4066756049225,,,1
4066756049232,,,1
4066756049164,,,2
4066765111449,,,1
4066765111999,,,1
4066765111982,,,2
4066765111418,,,2
4066765111975,,,1
4067888494624,,,1
4067888494693,,,1
4067888494716,,,1
4067888494631,,,1
4067888494723,,,1
197863927015,,,3
197863868387,,,2
197863908472,,,3
197863918297,,,2
197863910901,,,2
197863944319,,,1
197863855059,,,1
197863928340,,,1
197863953854,,,1
197863851372,,,1
197863894706,,,4
197863855349,,,1
197863841854,,,1
197863928005,,,1
197863931654,,,1
197863853345,,,1
197863894720,,,1
197863863535,,,1
197863912035,,,1
198484567949,,,1
198484729507,,,1
198484730954,,,1
198484825698,,,1
198484737786,,,1
198484850416,,,1
198484758613,,,2
198484605535,,,2
198484832726,,,1
198484859853,,,1
198484824080,,,1
198484813244,,,1
198484569219,,,1
198484875242,,,1
198484712936,,,1
4067888196702,,,2
4067888196696,,,2
4067888196122,,,1
4067888196115,,,1
4067888196153,,,1
4067888196672,,,1
4067888197419,,,1
4067888197518,,,1
198488041650,,,3
198488014937,,,3
198488037585,,,4
198488039183,,,2
198488027579,,,2
198485507128,,,2
198485475762,,,2
198485548077,,,1
198485543386,,,1
198485513013,,,1
198485538191,,,1
198485516564,,,2
198485508156,,,1
198485530867,,,1
198485519831,,,1
198485503656,,,1
198485476608,,,1
198485535923,,,2
198485506060,,,2
198485493872,,,1
198485527942,,,2
198485481732,,,1
198485512818,,,1
198485547360,,,1
198485531055,,,1
197602200454,,,1
4066754896180,,,1
198726555222,,,1
198726581580,,,2
198726385683,,,1
198726515028,,,2
198726580439,,,1
198726383917,,,1
198726505890,,,1
198726539826,,,1
198482656393,,,2
198482641443,,,2
198482648084,,,2
198482655570,,,1
198482632588,,,2
198482642860,,,2
198482652913,,,2
198482646103,,,2
198482643225,,,1
198482657093,,,2
198482632250,,,2
198482632557,,,2
4068806937698,,,1
4068806914712,,,1
4068806918420,,,2
4068806949042,,,1
4068806945372,,,1
4068806945358,,,2
4068806949059,,,2
4068806945396,,,2
4068806945402,,,2
4068806945433,,,1
4068806945389,,,1
4068806945365,,,1
4068806937605,,,1
4068806933911,,,1
4068806937537,,,1
4068806937544,,,1
4068812990021,,,1
4068812990007,,,1
4068812990052,,,1
4068812990038,,,1
4068812990014,,,1
4068812990076,,,1
4067888092165,,,1
4067888095821,,,1
4067888095784,,,1
4067888677881,,,2
4067888677898,,,1
4067888677867,,,2
4068806624024,,,1
4068806624000,,,2
4068806624017,,,2
4068806623966,,,1
4068806623973,,,2
4068806623959,,,2
4068806624031,,,1
4068806616272,,,2
4068806616265,,,2
4068806616241,,,2
4068806616326,,,2
4068806616319,,,1
4068806616289,,,2
4068806616258,,,2
4068806616302,,,1
4068806616227,,,1
198485034556,,,1
198485028838,,,1
198485058118,,,1
4067888645736,,,1
4067888645804,,,1
4067888645798,,,1
4067888427868,,,2
4067888427844,,,2
4067888427851,,,1
4067888427905,,,1
4067904310198,,,1
4067904310204,,,1
4068806365408,,,1
4068806361752,,,1
4068806361769,,,1
4068806365422,,,1
4068806365453,,,1
4068806365392,,,1
4068806365460,,,1
4068806365439,,,1
4068814983816,,,3
4068814983823,,,2
4068814983786,,,2
4068814983793,,,1
4068814980143,,,1
4068814980136,,,2
4068814983809,,,1
4068814980150,,,1
4068814983847,,,1
4068814980167,,,1
4068806299048,,,1
198486544917,,,2
198486430524,,,2
198486611671,,,2
198486487269,,,1
198486546836,,,2
198486430401,,,2
198480982296,,,2
4067892833051,,,2
4067892833075,,,1
4067892833112,,,1
4067892833129,,,1
4067892833020,,,1
4068806074638,,,6
4068804406431,,,1
4068804410070,,,2
4068804410087,,,2
4068804410131,,,2
4068804406448,,,1
4068804410094,,,1
4068804410100,,,2
4068804410056,,,2
4068804410124,,,2
4068804410063,,,2
4068804410117,,,2
197966003319,,,1
197966003326,,,1
197966003388,,,2
197966003401,,,1
198727184667,,,2
198727185862,,,2
198727196660,,,2
198727183790,,,2
198727192761,,,2
198727192129,,,2
198727193942,,,2
198727193850,,,1
198727188184,,,1
198727187934,,,3
198727192266,,,2
198484609373,,,1
198484826572,,,2
198484755544,,,2
198484825056,,,1
4066762977536,,,1
198727183721,,,1
198727192112,,,2
198727189341,,,4
198727186739,,,1
198726044252,,,1
198726051274,,,1
198726045341,,,1
198726047376,,,1
198726028573,,,1
198726023813,,,1
198726038329,,,2
198726048182,,,1
198726023905,,,2
198726022984,,,2
198726027972,,,1
198726048809,,,1
198726039913,,,1
198726038541,,,1
198726030927,,,1
198726024537,,,1
198726040292,,,2
198726034796,,,2
198726042753,,,2
198726032006,,,2
198726044948,,,2
198726405152,,,2
198488987552,,,2
198726164943,,,2
198726402953,,,1
198726414994,,,1
198726399154,,,2
198726163755,,,2
198726165421,,,1
198726399550,,,1
198726430369,,,2
198726422999,,,4
198726422609,,,5
198726430642,,,3
198726425754,,,2
4066762958351,,,1
4066762955084,,,1
4066762955176,,,1
198727189907,,,1
198727196561,,,1
4066766015791,,,1
4066766027404,,,1
4066766023659,,,1
4066766023642,,,1
4066766023789,,,1
4066766023727,,,1
4066766284111,,,1
4066757557996,,,1
4066763710804,,,3
198728347092,,,1
198728346033,,,1
198728350290,,,1
198728350337,,,1
198728349270,,,1
198728346392,,,2
198728353062,,,2
198728349997,,,2
198728351150,,,1
198728346460,,,2
198728343322,,,1
198728344688,,,1
198728355455,,,1
198728344510,,,1
198728346699,,,1
198728354861,,,1
198728351709,,,1
198728355394,,,1
198728353529,,,2
198728344848,,,1
198728347139,,,1
198728343827,,,1
198728347238,,,1
198728345593,,,1
198728353192,,,1
198728347009,,,1
198728345029,,,1
198728344008,,,2
198728345524,,,2
198728345012,,,2
198728351198,,,2
198728353819,,,2
198728346712,,,1
198728345869,,,1
198728346002,,,1
198728355080,,,2
198728352157,,,2
198728347719,,,2
198728347566,,,2
198728348198,,,2
198728353604,,,1
198728352133,,,1
198728346866,,,1
198728351433,,,1
198728353543,,,1
198728349515,,,1
198728344718,,,1
198728355448,,,1
4067894962100,,,1
4067894935203,,,1
4067894935210,,,1
197967905766,,,1
197967905773,,,2
197967905810,,,2
197967905834,,,2
197967905858,,,3
197967905872,,,2
4067887265324,,,3
4067887265386,,,1
4067887265287,,,2
4067887265393,,,2
197375791937,,,3
197375791951,,,3
197375791975,,,4
197375791999,,,5
197375792019,,,4
197375792033,,,4
196307217187,,,2
196307217194,,,2
196307217200,,,2
196307217224,,,3
196307217248,,,4
196307217262,,,2
196307217286,,,2
197376900444,,,1
197376900475,,,1
197376900499,,,2
197376900512,,,2
197376900536,,,2
195173923734,,,4
195173923741,,,3
195173923758,,,2
195173923796,,,1
195173923819,,,1
195907431788,,,1
4067896716459,,,2
197376308981,,,1
197376308998,,,2
197376309018,,,2
197376309032,,,2
197376309056,,,2
197376309070,,,2
197376309094,,,1
197967802836,,,3
197967802850,,,1
197967802874,,,1
197967802898,,,1
197966075033,,,1
197966075040,,,8
197966075064,,,5
197966075088,,,14
197966075101,,,4
197375788746,,,3
197375788760,,,4
197375788807,,,3
197375788845,,,1
4067896686257,,,1
4067896543154,,,1
4067896452357,,,2
4067896456560,,,2
4067896456553,,,3
4067896248059,,,1
4067896456638,,,2
4067896456645,,,1
4067893607583,,,1
4067894208307,,,2
4067894177764,,,1
4067894177740,,,1
4067894304801,,,1
4067893528956,,,1
4067893532625,,,1
4067893528710,,,1
4067895646795,,,3
4067895628470,,,2
4067895628449,,,1
4067895628401,,,1
197966057831,,,1
197966057909,,,3
197966057947,,,3
196652293324,,,1
196652293331,,,2
196652293348,,,1
196652293362,,,2
196432915958,,,1
196432915972,,,2
196432916016,,,1
198686808253,,,1
198686808321,,,1
198686808345,,,2
8050510653205,,,2
8050510653212,,,2
8050510653229,,,1
8050510653236,,,1
8050510654349,,,3
8050510654363,,,1
4067891190285,,,2
4067905929078,,,1
4067901479713,,,1
4067901479690,,,2
4067901479669,,,2
4067901479706,,,2
4067901479614,,,2
4067901479638,,,2
4067901479652,,,2
4067902559162,,,2
4067905782864,,,1
4067905782857,,,2
4067905782833,,,4
4067905782840,,,2
4067905779215,,,4
4067905779185,,,4
4067905782826,,,4
4067905782918,,,4
4067905709908,,,1
4067905709861,,,1
4067905710010,,,2
4067905709991,,,2
4067905709984,,,1
4067905709960,,,1
4067905709939,,,2
4067905767366,,,2
4067905767328,,,3
4067905767335,,,3
4067905767359,,,2
4067905767342,,,2
4067901343113,,,4
4067901339369,,,5
4067901343052,,,5
4067901343076,,,5
4067902599984,,,1
4067902599991,,,1
4067906059439,,,2
4067901533897,,,1
4067901533972,,,1
4068811943905,,,8
4068811947774,,,1
4068811951467,,,2
4068811943967,,,25
4068811943974,,,7
4068811947644,,,5
4068811947729,,,28
4068811947637,,,16
4068811947736,,,1
4068811951474,,,2
4067901499131,,,1
4067901499148,,,1
4067901499155,,,1
4067901499162,,,1
4067901499179,,,1
4067901499186,,,2
4067905779031,,,1
4067905779062,,,2
4067905779055,,,2
4067905779130,,,2
4067905779000,,,2
4067905779154,,,2
4067905779109,,,1
4067905779116,,,1
8050510636659,,,2
4067896554549,,,2
4067896694818,,,1
4067896697444,,,1
4067901648607,,,1
4067901017014,,,1
4067904230922,,,1
4067904246077,,,1
4067904246091,,,1
4067904246114,,,1
4067904246084,,,1
4067904242451,,,1
4067904271611,,,1
4067904271567,,,1
4067904271635,,,2
4067904574941,,,3
4067904574903,,,2
4067904381914,,,1
4067904381921,,,1
4067897784877,,,2
4067897784914,,,2
4067897784952,,,2
4067897784907,,,1
4067897784969,,,2
4067897784884,,,2
4067897784983,,,2
4067897784938,,,1
4067897784990,,,1
4067897785058,,,2
4067897785089,,,2
4067897785034,,,2
4067897788707,,,1
4067897785065,,,2
4067897785027,,,2
4067897788738,,,1
4067897785096,,,1
4067897785041,,,1
4067897552995,,,2
4067897553008,,,1
4067897553053,,,2
4067897553046,,,1
4067897553060,,,1
4067897553015,,,1
4067897549377,,,1
4067905933051,,,2
4067906077068,,,1
4067906073459,,,1
4067891682650,,,7
4067891682537,,,7
4067891682605,,,7
4067891682582,,,5
4067891682544,,,1
4067891686429,,,2
4067891686443,,,4
4067891686375,,,4
4067891686382,,,3
4067906164263,,,1
4067906009809,,,1
4067901526110,,,1
4067901526004,,,1
4068808325240,,,1
4068808325271,,,2
4068808325301,,,2
4068808325257,,,1
4068808325288,,,1
4068808325264,,,1
4068808325318,,,1
4068807168343,,,1
4068807168299,,,2
4068807168312,,,1
4068806975300,,,1
4068806975317,,,2
4068806975355,,,1
4068806979049,,,2
4068806975324,,,1
4068807095427,,,1
4068807095410,,,1
4068807106895,,,1
4068807182905,,,1
4068807133716,,,2
4068807014886,,,1
4068807014961,,,1
4068807091672,,,1
4068807130050,,,1
4068806967725,,,1
4068806967671,,,1
4068806967688,,,2
4068806967640,,,1
4068806967701,,,1
4068806967657,,,2
4068806967619,,,1
4068808195300,,,1
4068808195324,,,1
4068808198981,,,1
4068808195331,,,2
4068808195355,,,2
4068808199001,,,1
4068808195317,,,2
4068809531695,,,2
4068809894158,,,9
4068809413540,,,10
4068809413564,,,7
4068809413533,,,1
4068809559620,,,1
4068809556018,,,1
4068808221535,,,2
4068808217927,,,2
4068808221559,,,2
4068808221597,,,2
4068808221566,,,1
4068808294706,,,1
4068807206281,,,1
4068811059200,,,2
4067892882059,,,1
4067892885692,,,1
4067892882011,,,1
4067892885708,,,1
4068806183255,,,1
4068806183316,,,2
4068806183347,,,2
4068806183248,,,1
4068806151490,,,1
4068806155214,,,2
4068806151445,,,1
4068806151476,,,1
4067904583783,,,2
4067904580089,,,2
4067904580119,,,2
4067904580140,,,1
4067904580126,,,1
4067904583769,,,1
4067904583776,,,2
4067904580133,,,1
4067904591658,,,2
4067904595328,,,3
4067904591634,,,3
4067904591498,,,1
4067904587804,,,1
4067904587811,,,1
4067904583813,,,1
4067904583844,,,1
4067904583875,,,1
4068801998175,,,1
4068801998236,,,1
4068807914667,,,1
4068807910959,,,1
4068807910966,,,1
4068807914599,,,1
4068807910973,,,1
4068807914629,,,2
4068807914636,,,1
4068807914612,,,1
4068807914643,,,2
4068807914582,,,1
4068807934016,,,1
4068807933996,,,1
4068807937666,,,1
4068807934009,,,2
4068807937703,,,2
4068807937659,,,2
4068807937680,,,2
4068807937628,,,2
4068807937642,,,1
4068804399429,,,1
4068804399443,,,1
4068804403102,,,1
4068804399481,,,2
4068804399436,,,2
4068804399467,,,2
4068804403096,,,2
4068804399450,,,2
4068804403119,,,2
4068804399474,,,1
4068806189004,,,3
4068806189028,,,2
4068806189059,,,3
4068806189042,,,3
4068806189035,,,3
4068806189011,,,2
4068806188991,,,2
4068806185372,,,3
4068806185365,,,3
4068806185358,,,3
4068806185327,,,3
4068806185389,,,3
4068806185334,,,2
4068806185341,,,2
4068812673313,,,1
4068812673306,,,1
4068812673344,,,1
4068808140447,,,2
4068808136778,,,2
4068808140478,,,2
4068808140485,,,2
4068808140454,,,2
4068808140409,,,2
4068808140461,,,1
4068808136792,,,1
4068806348920,,,2
4068806348913,,,2
4068806348890,,,1
4068806348838,,,2
4068806348883,,,2
4068806348869,,,2
4068806348814,,,2
4068806348852,,,1
4068806945242,,,1
4068806941572,,,2
4068806922281,,,3
4068806922298,,,2
4068806922304,,,1
4068806922359,,,1
4068806953032,,,1
4068806953063,,,1
4068806953094,,,1
4068806953087,,,1
4068806953100,,,1
4068812685224,,,1
4068812685262,,,2
4068812685255,,,1
4068812685170,,,1
4068812685279,,,2
4068812685200,,,1
4068812681486,,,1
4068812685156,,,2
4068812685071,,,2
4068812685132,,,2
4068812681509,,,2
4068812685125,,,1
4068812685095,,,1
4068812685088,,,1
4068812681417,,,1
4068812681455,,,1
4068812681400,,,1
4068806930040,,,1
4068806930033,,,1
4068806930019,,,1
4068806929976,,,1
4068806930002,,,1
4068806929990,,,1
4068801735442,,,1
4068801735404,,,2
4068801735497,,,1
4068801735459,,,1
4068801735398,,,1
4068803663729,,,1
4068801372234,,,1
4068801372302,,,1
4068801372289,,,1
4068806338174,,,1
4068806338082,,,2
4068806338112,,,2
4068806338167,,,2
4068806338075,,,2
4068806338105,,,2
4068806338099,,,2
4068806338150,,,1
4068806338068,,,2
4068806338129,,,1
4068806338136,,,1
4068806338143,,,1
4068806208293,,,1
4068806208286,,,2
4068806208231,,,2
4068806211927,,,2
4068806211910,,,2
4068806211903,,,1
4068806208255,,,2
4068806208262,,,2
4068806208385,,,2
4068806208347,,,1
4068806208330,,,2
4068806208316,,,2
4068806208361,,,2
4068806208323,,,2
4068806208408,,,2
4067904359777,,,2
4067904363460,,,2
4067904359821,,,1
4067904363446,,,1
4067904363453,,,1
4067904359760,,,1
4067904359814,,,2
4067904359791,,,1
4068801334386,,,1
4068801334393,,,1
4068801334423,,,1
4068801334355,,,1
4068801317969,,,2
4068801318041,,,1
4068801318010,,,1
4068801318003,,,1
4068801317983,,,2
4068801317921,,,1
4067903909935,,,2
4067903909997,,,2
4067903909898,,,2
4067903910009,,,2
4067903909966,,,1
4067903909959,,,1
4067903909911,,,2
4067903909942,,,1
4067903906095,,,1
4067903906071,,,1
4067903906156,,,1
4068801294376,,,2
4068801296844,,,1
4068801296851,,,1
4068801296875,,,1
4068801296882,,,1
4068801281055,,,1
4068801281048,,,1
4068801281109,,,2
4068801281000,,,2
4068801281123,,,1
4068801281147,,,1
4068801281178,,,2
4068801284834,,,1
4068801281161,,,1
4068801281185,,,2
4068801281154,,,2
4068801281192,,,2
4068801281130,,,2
4068801284810,,,1
4068803314393,,,4
4068803314386,,,2
4068803314416,,,1
4068803316137,,,1
4068803316106,,,1
4068803314331,,,1
4067907619021,,,1
4067907619076,,,1
4068804486754,,,1
4068804486716,,,1
4068804482992,,,2
4068804482985,,,2
4068804483005,,,2
4068804486761,,,2
4068804486693,,,1
4068804486631,,,2
4068804486655,,,1
4068804486617,,,1
4068804490461,,,2
4068804486815,,,2
4068804486839,,,2
4068804490553,,,2
4068804486792,,,2
4068804490492,,,1
4068804490485,,,2
4068804486822,,,2
4068804490478,,,2
4068804486808,,,1
4068804490515,,,1
4067907618994,,,1
4067907619007,,,1
4067907618970,,,1
4067907618963,,,1
4067907618956,,,1
4067907618949,,,1
4067907245824,,,2
4067907249471,,,1
4067907245862,,,1
4068806853011,,,1
4068806852953,,,2
4068806852939,,,2
4068806852946,,,2
4068806853028,,,2
4068806853004,,,2
4068806852960,,,2
4068806856715,,,2
4068806856685,,,2
4068806856661,,,2
4068806856647,,,2
4068806856708,,,2
4068806856722,,,2
4068806856692,,,2
4068806965936,,,1
4068806965943,,,2
4068806965929,,,2
4068806965981,,,1
4068806965950,,,1
4068806966001,,,1
4068806977410,,,1
4068806977502,,,1
4068806977496,,,1
4068806977397,,,2
4068806977434,,,1
4068806977472,,,1
4068812227561,,,2
4068812227547,,,2
4068812227578,,,2
4068812227523,,,2
4068812227530,,,1
4068812227608,,,2
4068812227516,,,2
4068812227592,,,1
4068812227554,,,1
4068812227585,,,1
4068803767250,,,2
4068803767205,,,2
4068803767274,,,3
4068803767243,,,1
4068803767168,,,2
4068803767151,,,2
4068803767229,,,3
4068803767212,,,1
4068803767236,,,3
4068803767267,,,1
4068803769445,,,1
4068803770892,,,2
4068803769292,,,1
4068803769377,,,1
4068803769223,,,1
4068803769278,,,1
4068803769247,,,1
4068803769391,,,1
4068803769308,,,1
4068803769315,,,1
4068809642827,,,1
4068809642742,,,2
4068809642759,,,2
4068809642711,,,2
4068809642773,,,1
4068809642735,,,1
4068809642728,,,1
4068801990520,,,1
4067907476044,,,2
4067907476129,,,1
4067907476075,,,1
4067907476112,,,3
4067907476082,,,3
4067907476068,,,1
4067907472411,,,1
4067907472398,,,2
4067907472329,,,2
4067907472367,,,3
4067907472312,,,4
4067907472350,,,1
4067907472404,,,1
4067907572500,,,1
4067907572470,,,1
4067907576157,,,1
4067907576126,,,1
4068806002013,,,1
4068806002068,,,1
4068806002051,,,1
4068806002082,,,1
4068806002020,,,1
4068811359676,,,1
4068811359669,,,5
4068811356002,,,3
4068811359614,,,2
4068811359683,,,1
4068811359621,,,2
4068811359652,,,2
4068811359690,,,1
4068811359706,,,2
4068801237366,,,1
4068801237410,,,1
4068801241134,,,2
4068801237373,,,1
4068801237434,,,1
4068801237380,,,1
4068801237465,,,1
4068801241127,,,1
4068801237496,,,1
4068801237397,,,1
4068801237458,,,1
4068801265772,,,1
4068801265734,,,1
4068801314982,,,1
4068801314944,,,1
4068808050197,,,1
4068808046466,,,1
4068808046473,,,1
4068806420398,,,1
4068806420466,,,2
4068806420435,,,2
4068806420473,,,2
4068806420480,,,2
4068806420381,,,2
4068806420404,,,2
4068806420374,,,2
4068806420459,,,2
4068806420411,,,1
4068806420442,,,1
4068806420428,,,1
4067903023877,,,2
4067903023976,,,1
4067903023945,,,1
4067903023983,,,2
4067903023884,,,2
4067903023921,,,1
4067903023914,,,1
4067903023969,,,1
4067903023891,,,1
4067902318684,,,1
4068801007228,,,2
4068801007204,,,2
4068801007198,,,3
4068801007242,,,3
4068801007129,,,2
4068801007150,,,2
4068801007167,,,2
4068801007174,,,1
4068801146910,,,1
4068805922886,,,2
4068805926617,,,2
4068805922862,,,2
4068805922978,,,2
4068805922954,,,2
4068805922961,,,2
4068805922923,,,2
4068805922879,,,2
4068805926631,,,2
4068805922947,,,1
4068805922893,,,1
4068812227004,,,2
4068812227127,,,2
4068812226984,,,2
4068812226977,,,1
4068811592936,,,1
4068811592974,,,1
4067907359552,,,1
4067907359491,,,2
4067907359569,,,2
4067907359538,,,1
4067907359453,,,1
4067907359460,,,2
4068801196731,,,2
4068801193099,,,1
4068801196724,,,2
4068801193082,,,2
4068801196847,,,1
4068801196830,,,1
4068801196861,,,1
4068801196779,,,1
4068801869185,,,1
4068801310465,,,2
4068801313688,,,1
4068801313671,,,2
4068801313602,,,1
4068801313633,,,1
4068801313626,,,1
4068801310472,,,1
4068801313657,,,1
4068801750858,,,1
4068801750841,,,1
4068801750889,,,1
4068806054982,,,1
4068806055040,,,2
4068806055033,,,2
4068806055019,,,2
4068806055057,,,2
4068806055002,,,2
4068806054999,,,2
4068806055064,,,2
4068809847840,,,1
4068802900122,,,1
4068807171916,,,1
4068807171930,,,2
4068807171893,,,1
4068811565336,,,1
4068811515591,,,1
4068811519216,,,1
4068811515560,,,1
4068811519230,,,1
4068811519261,,,1
4068811350710,,,1
4068811354374,,,1
4068811350659,,,4
4068811350550,,,3
4068811350611,,,3
4068811350642,,,3
4068811350581,,,1
4068811369750,,,1
4068811381332,,,3
4068811385071,,,2
4068811381400,,,1
4068811381394,,,2
4068811381431,,,1
4068811381417,,,1
4068811377595,,,1
4068811381271,,,2
4068811377588,,,4
4068811381264,,,3
4068811381226,,,1
4068811377540,,,1
4068807919631,,,1
4068811419905,,,1
4068811419899,,,1
4068811442910,,,1
4068811442996,,,1
4068808798747,,,1
4068808798952,,,4
4068809593433,,,3
4068809593440,,,2
4068809593457,,,1
4068808229227,,,1
4068808401258,,,1
4068808381901,,,5
4068808378239,,,1
4068808381871,,,2
4068808381864,,,3
4068808223065,,,1
4068808215350,,,1
4068808336659,,,2
4068807755000,,,1
4068807751378,,,2
4068807754980,,,1
4068807751330,,,1
4068807751323,,,1
4068811056360,,,3
4068807784444,,,1
4068807784468,,,1
4068807168381,,,1
4068811462079,,,1
4068811465735,,,3
4068811462086,,,1
4068811477240,,,1
4068811473600,,,2
4068811473532,,,2
4068811473525,,,1
4068811738037,,,1
4068811738020,,,1
4068811749552,,,1
4068811749583,,,1
4068811550004,,,2
4068811550066,,,2
4068811550011,,,1
4068811549961,,,1
4068811549954,,,1
4068807901018,,,1
4068807901032,,,1
4068807901070,,,1
4068807892613,,,2
4068807712867,,,1
4068807712898,,,1
4068807712935,,,1
4068807815476,,,1
4068807811829,,,2
4068807811843,,,2
4068811500184,,,2
4068811504045,,,5
4068811504076,,,1
4068811504014,,,1
4068811542443,,,2
4068807869622,,,3
4068809894189,,,5
4068809959390,,,3
4068808210683,,,1
4068808214339,,,1
4068808225908,,,1
4068808225922,,,1
4068821157897,,,2
4068821157958,,,2
4068821157873,,,2
4068821496620,,,3
4068821496743,,,3
4068821496590,,,2
4068821496613,,,3
4068821496569,,,2
4068821496576,,,1
4068821496767,,,2
4068821496644,,,3
4068821211377,,,1
4068821207660,,,1
4068821211353,,,1
4068821211414,,,1
4068821211346,,,1
4068821565326,,,1
4068821565340,,,2
4068821565364,,,4
4068821565395,,,3
4068821565319,,,3
4068821565388,,,4
4068821565418,,,4
4068821565708,,,4
4068821150522,,,2
4068821150546,,,2
4068821154254,,,1
4068821150591,,,2
4068821154230,,,2
4068821150553,,,1
4068821150515,,,1
4068821150607,,,1
4068819810261,,,3
4068819810247,,,4
4068819813606,,,1
4068819813620,,,2
4068819813651,,,1
4068819813668,,,2
4068819813637,,,1
4068819813613,,,2
4068821269781,,,4
4068821269750,,,5
4068821269743,,,6
4068821269804,,,2
4068821269811,,,1
4068821269798,,,2
4068821269767,,,1
4068821269774,,,2
4068819813835,,,1
4068819813798,,,1
4068819813903,,,2
4068819813910,,,2
4068819813811,,,2
4068819813866,,,2
4068821271265,,,2
4068821271388,,,1
4068821271272,,,1
4068821271234,,,2
4068821517271,,,1
4068821517257,,,3
4068821517226,,,2
4068821517202,,,1
4068821515727,,,1
4068821515635,,,3
4068821517288,,,1
4068821273443,,,1
4068821273375,,,1
4068821273412,,,1
4068821273399,,,2
4068821273450,,,2
4068821270442,,,1
4068821269842,,,3
4068821269958,,,2
4068821269880,,,2
4068821269927,,,2
4068821269965,,,2
4068821269903,,,2
4068821269835,,,2
4068821180758,,,1
4068821180710,,,1
4068821180628,,,1
4068821570900,,,1
4068821155022,,,2
4068821154995,,,2
4068821155039,,,2
4068821155008,,,2
4068821154988,,,2
4068821260047,,,2
4068821260085,,,2
4068821260054,,,2
4068821260139,,,3
4068821260115,,,3
4068821260009,,,2
4068821260030,,,2
4068819949039,,,1
4068821305830,,,2
4068821305861,,,2
4068821305823,,,2
4068821305885,,,2
4068821305793,,,2
4068821305915,,,2
4068821305847,,,2
4068821305878,,,2
4068821567108,,,1
4068821567061,,,2
4068821567009,,,2
4068821300842,,,2
4068821300804,,,2
4068821300873,,,2
4068821300880,,,2
4068821300729,,,3
4068821300859,,,1
4068821300828,,,2
4068821300866,,,2
4068821515437,,,2
4068821515468,,,2
4068821516946,,,3
4068821515413,,,2
4068821515451,,,2
4068821515482,,,2
4068816855258,,,3
4068816855272,,,3
4068816855241,,,3
4068816855234,,,3
4068816855265,,,3
4068821138797,,,3
4068821138827,,,3
4068821138780,,,3
4068821138834,,,2
4068821138841,,,1
4068814091399,,,4
4068814091214,,,2
4068814095533,,,1
4068814095540,,,2
4068814095588,,,1
4068814095632,,,2
4068814094307,,,1
4068814095649,,,2
4068814095601,,,1
4068814095526,,,2
4068814090545,,,2
4068814090620,,,2
4068814090613,,,2
4068814090538,,,2
4068814090569,,,1
4068814090521,,,2
4068814090507,,,2
4068814090576,,,2
4068814130968,,,3
4068814130975,,,1
4068814133204,,,2
4068814133211,,,1
4068814133242,,,1
4068814071728,,,3
4068814071674,,,1
4068814071742,,,2
4068814071681,,,1
4068814014749,,,1
4068814014732,,,2
4068814011014,,,1
4068814010987,,,1
4068814086784,,,2
4068814086753,,,2
4068814086852,,,2
4068814086869,,,2
4068814086845,,,2
4068814086708,,,2
4068814086692,,,2
4068814086722,,,2
4068814072060,,,4
4068814072183,,,3
4068814072084,,,1
4068814068377,,,2
4068814072046,,,3
4068814216723,,,3
4068814220393,,,1
4068814216709,,,1
4068814220416,,,2
4068814216716,,,1
4068814220362,,,1
4068817018805,,,2
4068817085869,,,3
4068817085876,,,2
4068817015002,,,3
4068817093741,,,2
4068817093758,,,2
4068817093789,,,2
4068817093772,,,1
4068817067315,,,7
4068817093727,,,6
4068817045443,,,2
4068817045450,,,2
4068817097701,,,3
4068817097732,,,1
4068819980711,,,1
4068819977094,,,1
4068819980780,,,1
4068821283664,,,1
4068821283657,,,2
4068821283633,,,1
4068821284395,,,1
4068819691792,,,1
4068819691785,,,1
4068819691877,,,1
4068821159853,,,2
4068821159839,,,1
4068821159808,,,2
4068821159860,,,1
4068807130012,,,1
4068821478688,,,2
4068821479272,,,2
4068821478770,,,2
4068821478732,,,2
4068821479296,,,2
4068821478718,,,2
4068821478701,,,2
4068821478725,,,2
4068819718437,,,2
4068819718451,,,2
4068819718413,,,1
4068806998415,,,2
4068806998477,,,1
4068806998385,,,1
4068819674207,,,3
4068819674122,,,4
4068819674153,,,4
4068819674160,,,4
4068819674177,,,4
4068819677871,,,3
4068819674139,,,4
4068819674146,,,4
4068821023772,,,2
4068821023864,,,2
4068821023871,,,2
4068821023840,,,2
4068821023833,,,2
4068821023789,,,2
4068807477179,,,1
4068807477193,,,2
4068807477186,,,2
4068807473416,,,2
4068807480919,,,1
4068807480902,,,1
4068807477292,,,1
4068819891987,,,4
4068819891994,,,4
4068819891925,,,3
4068819741817,,,3
4068819741749,,,2
4068819741794,,,3
4068819741787,,,3
4068817048727,,,2
4068817040301,,,3
4068817048734,,,2
4068817035581,,,3
4068817035604,,,3
4068817048925,,,4
4068817048864,,,5
4068817048895,,,5
4068817048840,,,5
4068817032221,,,1
4068817032276,,,3
4068817032238,,,1
4068817032160,,,1
4068821503892,,,3
4068821503960,,,3
4068821503861,,,4
4068821406995,,,1
4068821410626,,,2
4068821406964,,,2
4068821410640,,,2
4068821406957,,,1
4068821569003,,,2
4068821569768,,,2
4068821569027,,,1
4068821388284,,,2
4068821391925,,,4
4068821388246,,,3
4068821388277,,,4
4068821388253,,,4
4068821184169,,,1
4068821184121,,,2
4068821184176,,,1
4068821184145,,,2
4068821184138,,,2
4068818740385,,,1
4068818736685,,,1
4068818740408,,,1
4068818736692,,,2
4068818740415,,,2
4068818740361,,,1
4068821233805,,,3
4068821233799,,,1
4068821233843,,,2
4068821236639,,,1
4068821236561,,,1
4068821236608,,,2
4068821238749,,,3
4068821238701,,,1
4068821235731,,,1
4068821238787,,,1
4068821235779,,,2
4068821235816,,,2
4068822045384,,,1
4068822045360,,,1
4068822045476,,,3
4068822045452,,,5
4068822045438,,,2
4068822045346,,,6
4068805046582,,,2
4068805035258,,,1
4068805035203,,,1
4068805038921,,,2
4068805038907,,,4
4068805035197,,,3
4068805038938,,,4
4068805038891,,,2
4068805039072,,,3
4068805039058,,,3
4068805042829,,,1
4068805042744,,,1
4068814175846,,,1
4068814175938,,,2
4068814175815,,,1
4068814175839,,,2
4068814175822,,,2
4068814175969,,,3
4068814175907,,,4
4068814175884,,,4
4068814196957,,,2
4068814196995,,,2
4068814196971,,,2
4068814199392,,,2
4068814199354,,,2
4068814199422,,,1
4068821668911,,,1
4068821668997,,,1
4068821668898,,,1
4068821669017,,,4
4068819361114,,,5
4068819361046,,,2
4068819361091,,,2
4068821646827,,,1
4068821646810,,,2
4068821646896,,,3
4068821646902,,,2
4068821646872,,,1
4068821635296,,,3
4068821635319,,,3
4068821635333,,,2
4068821635357,,,1
4068819227151,,,1
4068819227120,,,2
4068819227106,,,2
4068821639171,,,1
4068821639119,,,2
4068821635494,,,2
4068821635500,,,1
4068821627635,,,2
4068821627598,,,1
4068821627628,,,1
4068821816688,,,2
4068821816695,,,1
4068818903032,,,1
4068818903803,,,2
4068818903056,,,1
4068812500114,,,1
4068812500022,,,1
4068812500008,,,2
4068812500053,,,1
4068822172714,,,10
4068822169080,,,3
4068819238492,,,2
4068819238546,,,3
4068819239802,,,2
4068819239772,,,1
4068819239826,,,2
4068819238553,,,2
4068819403128,,,2
4068819403081,,,4
4068819403166,,,4
4068819403098,,,3
4068819403173,,,1
4068819403197,,,2
4068819403180,,,1
4068819403142,,,4
4068821737174,,,3
4068821737143,,,3
4068821737105,,,3
4068821737112,,,2
4068821737082,,,3
4068818906859,,,2
4068818906903,,,5
4068821142848,,,3
4068821142831,,,3
4068821142886,,,2
4068821142909,,,2
4068821142817,,,2
4068821142800,,,1
4068821142862,,,1
4068817056098,,,1
4068817056166,,,1
4068817056081,,,2
4068817052267,,,3
4068817048437,,,2
4068817048376,,,3
4068817048406,,,1
4068812512421,,,1
4068812508783,,,2
4068814158016,,,5
4068814156005,,,1
4068814051713,,,5
4068814051744,,,3
4068814051737,,,6
4068814051690,,,5
4068814051768,,,5
4068817052366,,,1
4068817052397,,,2
4068817052434,,,2
4068817052410,,,1
4068821615557,,,1
4068821615465,,,2
4068821615472,,,3
4068821615519,,,2
4068821615533,,,3
4068821133952,,,3
4068821133839,,,4
4068821133907,,,3
4068821133891,,,3
4068821133976,,,3
4068818846216,,,6
4068818846230,,,6
4068818846162,,,6
4068818846155,,,5
4068818846193,,,6
4068821385795,,,2
4068821385801,,,1
4068821385832,,,2
4068821385771,,,1
4068821385825,,,1
4068821385818,,,2
4068821385849,,,1
4068818709856,,,3
4068818709788,,,4
4068818709849,,,5
4068818709801,,,3
4068818709795,,,1
4068818732762,,,2
4068818732786,,,4
4068818732700,,,2
4068818732748,,,2
4068819393511,,,4
4068819393443,,,4
4068819393528,,,2
4068819393498,,,2
4068818725184,,,1
4068818725122,,,2
4068818725160,,,3
4068818725108,,,2
4068818725177,,,2
4068821736375,,,6
4068821734135,,,6
4068821736382,,,6
4068821736337,,,4
4068821734142,,,2
4068821029552,,,2
4068821029507,,,2
4068821029576,,,2
4068821029538,,,2
4068821225435,,,3
4068821225442,,,3
4068821225459,,,3
4068821225398,,,3
4068821225404,,,3
4068817039664,,,1
4068821155480,,,-1
4068821155534,,,2
4068821561700,,,2
4068821561762,,,1
4068821165434,,,2
4068821165397,,,1
4068819733799,,,1
4068819733782,,,1
4068819945765,,,1
4068819945710,,,3
4068819945758,,,3
4068819945727,,,5
4068819945734,,,4
4068819945697,,,4
4068819945772,,,5
4068819945741,,,9
4068821156708,,,1
4068821156647,,,2
4068821156630,,,2
4068821156746,,,2
4068821156678,,,2
4068821156739,,,1
4068821156654,,,1
4068819857143,,,1
4068819857174,,,1
4068819857181,,,2
4068819857228,,,2
4068821193321,,,1
4068821193222,,,2
4068821193338,,,1
4068821510623,,,5
4068821273047,,,1
4068821272941,,,2
4068821273009,,,3
4068821272910,,,3
4068819678953,,,1
4068819678977,,,2
4068819678908,,,3
4068819679004,,,2
4068819678915,,,2
4068819678939,,,1
4068821488946,,,2
4068821488939,,,1
4068821488915,,,3
4068821488922,,,2
4068821488885,,,3
4068819972440,,,1
4068819972457,,,2
4068819972501,,,2
4068819976196,,,2
4068819972471,,,2
4068819972525,,,2
4068819972518,,,9
4068821016224,,,2
4068821020108,,,2
4068821016194,,,2
4068821020115,,,2
4068821016200,,,2
4068821020092,,,2
4068821019836,,,2
4068821020122,,,2
4068821462632,,,2
4068821462557,,,2
4068821462656,,,2
4068821462618,,,2
4068821462540,,,2
4068821462526,,,2
4068821462571,,,2
4068821462564,,,2
4068821165342,,,1
4068821161863,,,1
4068819716938,,,1
4068819720614,,,1
4068819720591,,,1
4068819720577,,,1
4068814071360,,,1
4068814071445,,,2
4068819873068,,,3
4068819873105,,,3
4068819873037,,,3
4068819873143,,,3
4068819873129,,,2
4068821371712,,,3
4068821371682,,,3
4068821371705,,,3
4068821375499,,,3
4068821375345,,,3
4068819884583,,,1
4068819884644,,,2
4068819884613,,,2
4068819884606,,,2
4068819884569,,,2
4068819884538,,,2
4068819884637,,,2
4068819884682,,,2
4068821154858,,,1
4068821154919,,,1
4068821154872,,,1
4068821154865,,,2
4068821154803,,,1
4068821154780,,,2
4068821154926,,,1
4068821154902,,,3
4068817039756,,,1
4068817039787,,,6
4068817039794,,,6
4068817039817,,,1
4068817043654,,,5
4068817048246,,,5
4068817092911,,,4
4068817096568,,,5
4068817092928,,,3
4068817089188,,,4
4068817089133,,,5
4068817089119,,,5
4068817089164,,,7
4068817089140,,,1
4068821502086,,,1
4068821502154,,,2
4068821502079,,,2
4068821502147,,,2
4068821502130,,,2
4068821502116,,,2
4068821502123,,,2
4068821502109,,,1
4068819836339,,,2
4068819934233,,,1
4068819934288,,,1
4068819934219,,,1
4068819934271,,,1
4068819999218,,,2
4068819999195,,,1
4068819999249,,,3
4068819997269,,,3
4068819999270,,,3
4068819999287,,,2
4068819999225,,,4
4068819999331,,,1
4068819792017,,,1
4068819801689,,,2
4068819792000,,,2
4068819792055,,,1
4068821483200,,,2
4068821483248,,,10
4068819522416,,,1
4068819522409,,,2
4068819522423,,,2
4068819522430,,,2
4068819522362,,,2
4068819522379,,,2
4068819522447,,,1
4068819522386,,,2
4068819522393,,,2
4068819545750,,,2
4068819545705,,,2
4068819545743,,,1
4068819545712,,,2
4068819545729,,,2
4068819597216,,,2
4068819597209,,,2
4068819545736,,,2
4068819597230,,,2
4068819435723,,,2
4068819435761,,,2
4068819435709,,,2
4068819435747,,,2
4068819435778,,,1
4068819435730,,,2
4068819435754,,,1
4068819549444,,,2
4068819549468,,,2
4068819549529,,,2
4068819549505,,,2
4068819549512,,,2
4068819549475,,,2
4068819549451,,,2
4068819549482,,,2
4068819549499,,,2
4068816361377,,,2
4068816362473,,,2
4068816361193,,,2
4068816361155,,,2
4068816361254,,,2
4068816361261,,,2
4068816361315,,,2
4068816316223,,,3
4068816319408,,,2
4068816319392,,,1
4068816319385,,,2
4068816316216,,,1
4068816316209,,,1
4068816316230,,,2
4068816316247,,,1
4068816319415,,,1
4068816316254,,,1
4068816319422,,,1
4068812726866,,,1
4068812726811,,,1
4068812726859,,,1
4068812726873,,,1
4068812726842,,,1
4068818555316,,,-1
4068818551660,,,1
4068818555347,,,2
4068818555293,,,1
4068818555323,,,2
4068818555309,,,1
4068818555330,,,1
4068818555361,,,1
4068818555378,,,1
4068818555354,,,1
4068812779114,,,1
4068812782992,,,1
4068812783005,,,1
4068812783050,,,1
4068812779145,,,1
4068812779121,,,1
4068812783036,,,1
617847533747,,,4
009328869191,,,6
807421323653,,,2
3500303734321,,,1
3500303734376,,,1
3500303734383,,,1
196923020291,,,2
3500307479921,,,1
3500307559319,,,1
617844101314,,,1
3500308185845,,,1
3500308475571,,,1
3500303846529,,,1
3500303846536,,,2
3500303846550,,,1
3500303846567,,,1
3500303846574,,,1
3500303846581,,,2
5059436073237,,,1
5059436193362,,,4
5059436193379,,,3
5059436204129,,,2
5059436204143,,,1
5059436204181,,,2
5059436204198,,,1
5059436204204,,,1
5059436204242,,,2
5059436204259,,,2
5059436204266,,,1
5059436204303,,,1
5059436204310,,,2
5059436204327,,,1
5059436204334,,,1
5059436204365,,,1
5059436204372,,,2
5059436204389,,,1
5059436204396,,,1
5059436204426,,,1
5059436204433,,,2
5059436204440,,,1
5059436204457,,,1
5059436205089,,,2
5059436205096,,,2
5059436205102,,,1
5059436205140,,,2
5059436205157,,,2
5059436205164,,,1
5059436205201,,,2
5059436205218,,,2
5059436205225,,,1
5059436193652,,,1
5059436193683,,,1
5059436193690,,,2
5059436193706,,,1
5059436193768,,,2
5059436521530,,,1
5059436521547,,,1
5063012037711,,,4
5063012645206,,,4
5063012936915,,,4
5063012038176,,,4
5063012038152,,,4
5063012201938,,,3
5063012201952,,,3
5063012201969,,,3
5063012645510,,,4
5063012936922,,,5
5063012789290,,,3
5063012789276,,,2
5063012789269,,,2
5063012789252,,,1
5063012789283,,,1
5063012932856,,,3
5063012932832,,,3
5063012932825,,,2
5063012932818,,,1
5063012932849,,,1
5063012645411,,,9
5063012626380,,,3
5063012626366,,,2
5063012626359,,,2
5063012626342,,,1
5063012626373,,,1
5063012959419,,,2
5063012959396,,,2
5063012959389,,,2
5063012959372,,,1
5063012959402,,,1
5063012952267,,,2
5063012952236,,,2
5063012952243,,,1
5063012952229,,,1
5063012952250,,,1
5063012952663,,,2
5063012952670,,,1
5063012952687,,,2
5063012952694,,,2
5063012952625,,,2
5063012952632,,,2
5063012952649,,,2
5063012952656,,,2
1013388710,,,7
1013566125,,,51
1013602588,,,9
822728497001,,,12
1013631731,,,9
196923018038,,,1
196923018045,,,4
196923018168,,,4
196923187369,,,2
196923187376,,,3
196923187437,,,2
199012349037,,,5
199012349044,,,1
199012348979,,,10
199012348986,,,1
199012352358,,,2
199012352365,,,1
199012352372,,,1
197967794698,,,1
197967794735,,,1
197967794759,,,2
197967834219,,,1
197967834233,,,2
197967834257,,,2
197967834271,,,2
197967834318,,,1
198686737034,,,2
198686737058,,,1
198686737072,,,2
198686737096,,,1
198686737119,,,3
198686737133,,,2
198686737157,,,2
196307210324,,,3
196652215357,,,2
198686763439,,,1
198686763453,,,1
198686763477,,,1
198686763491,,,1
198686763514,,,2
198686763538,,,3
198686763552,,,2
197967795770,,,1
198687993781,,,2
198687994108,,,2
198687994238,,,2
198687994504,,,1
198687993453,,,2
198687998274,,,1
198687998472,,,2
198687998557,,,1
198687998793,,,1
198687998915,,,1
198687997833,,,1
198687998038,,,1
198688800064,,,2
198688800101,,,4
198688799894,,,1
198688588634,,,5
198688588825,,,5
198688589433,,,3
198688587491,,,1
198688587873,,,2
3500308205840,,,1
197375864624,,,3
197375864631,,,1
197375864655,,,1
197375864662,,,2
197375864563,,,2
197967822902,,,1
197966109820,,,3
197966109837,,,3
197375838168,,,4
197375838175,,,4
197967910906,,,1
197967910913,,,2
197967911132,,,2
197967911156,,,2
197967911163,,,1
197967911187,,,2
197967911118,,,1
197967911880,,,1
197967911910,,,2
197967911934,,,1
197967911842,,,1
197966002558,,,2
197966002572,,,2
197966002589,,,2
197966002602,,,2
197966002619,,,1
197966002510,,,1
197966002534,,,1
197966002541,,,1
197966002718,,,1
197966002749,,,2
197966002640,,,1
197966002671,,,1
197968015679,,,1
197968015709,,,3
197968015655,,,1
197968015662,,,2
196307260121,,,4
196307260145,,,2
196307260152,,,2
196307260176,,,2
196307260183,,,1
196307260084,,,1
196307260107,,,1
197375860848,,,1
197375859064,,,1
195173917726,,,2
195173917740,,,3
195173917757,,,2
195173917771,,,3
195173917788,,,2
195173917689,,,2
195173917702,,,2
196307294584,,,1
195907488058,,,1
197968226259,,,1
197968233974,,,2
197968233905,,,2
197968233936,,,1
197968218780,,,2
197968218711,,,1
197968218728,,,1
198686578873,,,4
198686578897,,,2
198686578927,,,2
198686578934,,,1
198686578835,,,2
198686578859,,,1
198686578866,,,1
198686560861,,,4
198686560885,,,2
198686560892,,,2
198686560922,,,1
198686560823,,,1
197376308202,,,2
197376308226,,,2
197376308233,,,3
197376308257,,,1
197376308264,,,2
197376308189,,,1
197376308196,,,1
197966097677,,,1
197966097691,,,2
197966097707,,,3
197966097738,,,2
197966097639,,,2
197966097660,,,1
196652601921,,,2
196652293713,,,3
196652293720,,,1
196652601952,,,1
196652601914,,,2
196432891023,,,4
196432891047,,,2
196432891054,,,5
196432891078,,,4
196432891085,,,3
196432891009,,,1
198686853956,,,1
198686853901,,,2
198686853918,,,1
198686853383,,,3
198686853406,,,2
198686853413,,,1
198686853437,,,3
3609082272120,,,1
3609082279204,,,1
3609082279235,,,1
3609082280019,,,6
3609082279983,,,9
617846585662,,,1
617846585679,,,1
8028661451247,,,1
8028661456495,,,1
8028661456488,,,1
8028661456525,,,1
8028661452510,,,1
8028661456501,,,1
8055304954148,,,1
8055304954230,,,1
8388766668989,,,1
8388766669016,,,1
8055304957347,,,1
8055304957354,,,1
8055304957361,,,1
8055304957385,,,1
8054036304269,,,1
8388766673051,,,1
8388766671385,,,1
8388766671538,,,2
8054036308427,,,1
8054036304399,,,1
8054036304405,,,2
8054036304412,,,2
8054036309592,,,1
8054036309615,,,1
8054036305174,,,1
8054036305211,,,2
8054036305235,,,1
8054036305266,,,1
8054036305273,,,2
8054036305310,,,2
8054036305365,,,1
8054036305402,,,1
8054036305419,,,1
8057808760386,,,2
8057808760416,,,1
8057808760423,,,1
8054036305556,,,1
8054036305563,,,1
8057808760584,,,1
8057808760607,,,1
8057808760614,,,1
8057808760621,,,1
8057808760669,,,1
8057808760676,,,1
8057808760782,,,1
8057808760812,,,2
8057808760829,,,2
8057808761284,,,2
8057808761291,,,1
8057808761307,,,2
8057808761314,,,3
8057808761321,,,2
8057808761338,,,1
8057808761345,,,1
8057808761369,,,1
8057808761376,,,1
8057808761499,,,1
8057808761512,,,1
8057808761529,,,1
8057808761734,,,1
8057808761741,,,1
8057808761758,,,1
8057808761765,,,1
8057808761796,,,1
8057808761802,,,1
8057808761895,,,1
8057808761925,,,2
8057808761871,,,1
8057808766302,,,1
8057808766319,,,1
8057808766326,,,1
8057808766333,,,1
8057808762106,,,1
8057808762113,,,1
8057808762120,,,1
8057808762052,,,1
8057808762069,,,1
8057808762076,,,1
8057808766395,,,1
8057808766425,,,1
8057808766432,,,1
8057808766456,,,1
8057808766463,,,1
8057808766470,,,1
8057808766487,,,1
8057808766524,,,1
8057808766531,,,1
8057808766579,,,1
8057808762137,,,1
8057808762236,,,1
8057808762243,,,1
8057808762250,,,1
8057808762267,,,1
8057808762274,,,1
8057808762298,,,1
8057808762311,,,1
8057808767798,,,1
8057808767804,,,1
8057808767828,,,1
805698437660,,,1
805698437677,,,1
3500303678984,,,1
3500303679004,,,1
3500303679011,,,2
3500303679028,,,1
3500303679035,,,2
3500303679073,,,1
3500303679080,,,1
3500303679097,,,1
3500303679103,,,2
8050510774405,,,1
198266391335,,,2
198266391366,,,2
198266391502,,,3
198266391533,,,3
198266391496,,,1
198266391625,,,1
198266391663,,,1
198266391908,,,1
198266392295,,,1
198266392462,,,1
198266392714,,,1
198266392769,,,1
198266392936,,,1
198266393216,,,1
198266393261,,,1
198266393513,,,1
198266393568,,,1
198266393810,,,1
198266391748,,,1
198266391847,,,1
198266392035,,,3
198266392110,,,4
198266465623,,,1
198266465869,,,1
198266465982,,,1
198266466231,,,1
198266466392,,,1
198266466644,,,1
198266466880,,,1
198266467009,,,1
198266467269,,,1
198266467382,,,1
198266467627,,,1
198266467863,,,1
198266468020,,,1
198266468280,,,1
198266468396,,,1
198266468631,,,1
198266468730,,,1
197803589877,,,2
197803589952,,,2
197803590132,,,2
197803590446,,,1
197803590644,,,2
197803590897,,,1
198266332246,,,1
198266332277,,,1
198266332307,,,1
198266332345,,,1
198266332383,,,1
198266332444,,,1
198266332499,,,1
198266332673,,,1
197803681410,,,1
197803681625,,,1
197803681687,,,1
197803681878,,,1
197803682066,,,1
197803682356,,,1
197803682547,,,1
198266441290,,,1
198266441658,,,1
198266441931,,,2
198266441979,,,2
198266442143,,,2
198266442181,,,2
198266442334,,,2
198266442396,,,1
198266442549,,,1
198266442570,,,1
198266442709,,,1
198266442754,,,1
198266442785,,,1
198266443041,,,1
198266443096,,,1
198266443249,,,1
198266445793,,,2
198266445984,,,2
198266446172,,,2
198266446271,,,3
198266446462,,,3
198266449838,,,2
198266449883,,,2
198266450131,,,2
198266450179,,,2
198266450544,,,2
198266450582,,,2
198266450742,,,2
198266450780,,,2
198266451046,,,1
198266451084,,,1
198266451626,,,1
198266451671,,,1
198266451800,,,1
198266648859,,,3
198266648897,,,5
198266648668,,,2
197063500483,,,3
198266648842,,,3
198267090404,,,1
198267090190,,,2
198267090121,,,1
198267090541,,,1
198267090039,,,2
198267089989,,,1
198267090374,,,1
198267090411,,,1
198267090183,,,2
198267089897,,,1
757969006276,,,1
757969006283,,,2
757969006290,,,1
757969006306,,,1
197065462178,,,5
198267090398,,,1
198267090305,,,2
198267090022,,,1
198267090640,,,1
197065812324,,,1
197065812263,,,2
197065812393,,,1
197804373536,,,5
198266651071,,,5
197804373895,,,3
197804373864,,,3
197804383627,,,10
198266652825,,,10
197804297924,,,1
197804297849,,,2
197804297801,,,2
197804297993,,,1
198266636542,,,4
198266616773,,,1
198266617107,,,1
198266617169,,,1
198266617329,,,1
198266617374,,,1
198266622828,,,1
198266622590,,,2
191165040441,,,1
191165040465,,,1
191165040489,,,1
191165040502,,,1
732075294434,,,1
732075294212,,,1
732075294205,,,1
732075294199,,,1
732075294182,,,1
732075294489,,,1
732075294472,,,1
732075294465,,,1
732075294458,,,1
732075294441,,,1
732075294175,,,1
732075293840,,,1
732075293833,,,1
196571474811,,,1
198267096826,,,2
198267096864,,,2
198267097007,,,2
198267097045,,,2
198267097083,,,2
198267097410,,,2
198267096994,,,1
198267096789,,,2
198267097182,,,1
198267097236,,,1
198267097120,,,1
198267096925,,,1
198267097304,,,1
196015220011,,,1
3143166922377,,,1
3143160026071,,,1
3143165877524,,,1
3143166834977,,,1
3143160575029,,,1
3143165435861,,,1
3143165435885,,,1
3143165468418,,,1
3143166135111,,,1
4050956923966,,,1
4050956923737,,,1
4050956923744,,,1
4050956923669,,,1
4050956923676,,,1
4050956923706,,,1
4050956923713,,,1
4051932340654,,,1
4050956915701,,,3
4050956915718,,,1
4050956955134,,,2
4051932071893,,,1
4052549333879,,,1
4052549333886,,,1
